09:17:15 | Device: cuda
09:17:15 | GPU   : NVIDIA RTX A5000
09:17:15 | VRAM  : 25.8 GB
09:17:15 | Loading data ...
09:19:14 | Building model ...
09:19:23 | Optimizer groups: LoRA=392 tensors, custom=20 tensors
09:19:23 | ======================================================================
09:19:23 |   batch_size=8  grad_accum=4  eff_batch=32
09:19:23 |   lm_seq_len=192  lm_loss_weight=0.3
09:19:23 |   epochs_cls=3  epochs_joint=2
09:19:23 |   lr=5e-05  lora_rank=64
09:19:23 |   steps/epoch=18112  total_steps=90560
09:19:23 |   logs → ./runs/intern_exp2\logs
09:19:23 | ======================================================================
09:19:23 |   Ep    Stage   TrLoss   TrAcc   VaLoss   VaAcc   VaAUC  Best
09:19:23 | ======================================================================
09:47:50 | Ep 1 | Step 0/18112 | Loss 1.5521 | Cls 1.5521
09:49:00 | Ep 1 | Step 200/18112 | Loss 0.6488 | Cls 0.6488
09:50:10 | Ep 1 | Step 400/18112 | Loss 1.2057 | Cls 1.2057
09:51:21 | Ep 1 | Step 600/18112 | Loss 1.1775 | Cls 1.1775
09:52:32 | Ep 1 | Step 800/18112 | Loss 0.6737 | Cls 0.6737
09:53:44 | Ep 1 | Step 1000/18112 | Loss 0.5576 | Cls 0.5576
09:54:55 | Ep 1 | Step 1200/18112 | Loss 0.7411 | Cls 0.7411
09:56:06 | Ep 1 | Step 1400/18112 | Loss 0.8340 | Cls 0.8340
09:57:17 | Ep 1 | Step 1600/18112 | Loss 0.9017 | Cls 0.9017
09:58:28 | Ep 1 | Step 1800/18112 | Loss 0.7646 | Cls 0.7646
09:59:39 | Ep 1 | Step 2000/18112 | Loss 0.8029 | Cls 0.8029
10:00:50 | Ep 1 | Step 2200/18112 | Loss 0.8500 | Cls 0.8500
10:02:01 | Ep 1 | Step 2400/18112 | Loss 0.7993 | Cls 0.7993
10:03:12 | Ep 1 | Step 2600/18112 | Loss 0.7472 | Cls 0.7472
10:04:23 | Ep 1 | Step 2800/18112 | Loss 0.8575 | Cls 0.8575
10:05:34 | Ep 1 | Step 3000/18112 | Loss 0.6883 | Cls 0.6883
10:06:45 | Ep 1 | Step 3200/18112 | Loss 0.6942 | Cls 0.6942
10:07:56 | Ep 1 | Step 3400/18112 | Loss 0.5821 | Cls 0.5821
10:09:07 | Ep 1 | Step 3600/18112 | Loss 0.6189 | Cls 0.6189
10:10:18 | Ep 1 | Step 3800/18112 | Loss 0.7086 | Cls 0.7086
10:11:30 | Ep 1 | Step 4000/18112 | Loss 0.6686 | Cls 0.6686
10:12:41 | Ep 1 | Step 4200/18112 | Loss 0.8094 | Cls 0.8094
10:13:52 | Ep 1 | Step 4400/18112 | Loss 0.5840 | Cls 0.5840
10:15:03 | Ep 1 | Step 4600/18112 | Loss 0.6594 | Cls 0.6594
10:16:14 | Ep 1 | Step 4800/18112 | Loss 0.5607 | Cls 0.5607
10:17:25 | Ep 1 | Step 5000/18112 | Loss 0.5986 | Cls 0.5986
10:18:36 | Ep 1 | Step 5200/18112 | Loss 0.7224 | Cls 0.7224
10:19:47 | Ep 1 | Step 5400/18112 | Loss 0.6383 | Cls 0.6383
10:20:58 | Ep 1 | Step 5600/18112 | Loss 0.6670 | Cls 0.6670
10:22:09 | Ep 1 | Step 5800/18112 | Loss 0.6843 | Cls 0.6843
10:23:20 | Ep 1 | Step 6000/18112 | Loss 0.6052 | Cls 0.6052
10:24:32 | Ep 1 | Step 6200/18112 | Loss 0.6421 | Cls 0.6421
10:25:43 | Ep 1 | Step 6400/18112 | Loss 0.6283 | Cls 0.6283
10:26:54 | Ep 1 | Step 6600/18112 | Loss 0.6931 | Cls 0.6931
10:28:05 | Ep 1 | Step 6800/18112 | Loss 0.6403 | Cls 0.6403
10:29:16 | Ep 1 | Step 7000/18112 | Loss 0.5156 | Cls 0.5156
10:30:27 | Ep 1 | Step 7200/18112 | Loss 0.6476 | Cls 0.6476
10:31:38 | Ep 1 | Step 7400/18112 | Loss 0.8702 | Cls 0.8702
10:32:49 | Ep 1 | Step 7600/18112 | Loss 0.6997 | Cls 0.6997
10:34:00 | Ep 1 | Step 7800/18112 | Loss 0.7291 | Cls 0.7291
10:35:11 | Ep 1 | Step 8000/18112 | Loss 0.6940 | Cls 0.6940
10:36:22 | Ep 1 | Step 8200/18112 | Loss 0.7112 | Cls 0.7112
10:37:33 | Ep 1 | Step 8400/18112 | Loss 0.7113 | Cls 0.7113
10:38:44 | Ep 1 | Step 8600/18112 | Loss 0.4735 | Cls 0.4735
10:39:55 | Ep 1 | Step 8800/18112 | Loss 0.6357 | Cls 0.6357
10:41:07 | Ep 1 | Step 9000/18112 | Loss 0.6212 | Cls 0.6212
10:42:18 | Ep 1 | Step 9200/18112 | Loss 0.6604 | Cls 0.6604
10:43:29 | Ep 1 | Step 9400/18112 | Loss 0.7827 | Cls 0.7827
10:44:40 | Ep 1 | Step 9600/18112 | Loss 0.8879 | Cls 0.8879
10:45:51 | Ep 1 | Step 9800/18112 | Loss 0.7018 | Cls 0.7018
10:47:02 | Ep 1 | Step 10000/18112 | Loss 0.5401 | Cls 0.5401
10:48:13 | Ep 1 | Step 10200/18112 | Loss 0.6817 | Cls 0.6817
10:49:24 | Ep 1 | Step 10400/18112 | Loss 0.7016 | Cls 0.7016
10:50:35 | Ep 1 | Step 10600/18112 | Loss 0.6438 | Cls 0.6438
10:51:46 | Ep 1 | Step 10800/18112 | Loss 0.6875 | Cls 0.6875
10:52:57 | Ep 1 | Step 11000/18112 | Loss 0.5047 | Cls 0.5047
10:54:09 | Ep 1 | Step 11200/18112 | Loss 0.5685 | Cls 0.5685
10:55:20 | Ep 1 | Step 11400/18112 | Loss 0.6612 | Cls 0.6612
10:56:31 | Ep 1 | Step 11600/18112 | Loss 0.6886 | Cls 0.6886
10:57:42 | Ep 1 | Step 11800/18112 | Loss 0.5408 | Cls 0.5408
10:58:53 | Ep 1 | Step 12000/18112 | Loss 0.6170 | Cls 0.6170
11:00:04 | Ep 1 | Step 12200/18112 | Loss 0.6036 | Cls 0.6036
11:01:15 | Ep 1 | Step 12400/18112 | Loss 0.5147 | Cls 0.5147
11:02:26 | Ep 1 | Step 12600/18112 | Loss 0.5030 | Cls 0.5030
11:03:38 | Ep 1 | Step 12800/18112 | Loss 0.6668 | Cls 0.6668
11:04:51 | Ep 1 | Step 13000/18112 | Loss 0.5832 | Cls 0.5832
11:06:03 | Ep 1 | Step 13200/18112 | Loss 0.5734 | Cls 0.5734
11:07:14 | Ep 1 | Step 13400/18112 | Loss 0.7336 | Cls 0.7336
11:08:25 | Ep 1 | Step 13600/18112 | Loss 0.6472 | Cls 0.6472
11:09:36 | Ep 1 | Step 13800/18112 | Loss 0.5158 | Cls 0.5158
11:10:47 | Ep 1 | Step 14000/18112 | Loss 0.4284 | Cls 0.4284
11:11:59 | Ep 1 | Step 14200/18112 | Loss 0.5235 | Cls 0.5235
11:13:10 | Ep 1 | Step 14400/18112 | Loss 0.4710 | Cls 0.4710
11:14:21 | Ep 1 | Step 14600/18112 | Loss 0.8005 | Cls 0.8005
11:15:32 | Ep 1 | Step 14800/18112 | Loss 0.7837 | Cls 0.7837
11:16:43 | Ep 1 | Step 15000/18112 | Loss 1.1447 | Cls 1.1447
11:17:54 | Ep 1 | Step 15200/18112 | Loss 0.4311 | Cls 0.4311
11:19:05 | Ep 1 | Step 15400/18112 | Loss 0.4878 | Cls 0.4878
11:20:16 | Ep 1 | Step 15600/18112 | Loss 0.6840 | Cls 0.6840
11:21:27 | Ep 1 | Step 15800/18112 | Loss 0.5349 | Cls 0.5349
11:22:38 | Ep 1 | Step 16000/18112 | Loss 0.5719 | Cls 0.5719
11:23:49 | Ep 1 | Step 16200/18112 | Loss 0.4685 | Cls 0.4685
11:25:00 | Ep 1 | Step 16400/18112 | Loss 0.6823 | Cls 0.6823
11:26:11 | Ep 1 | Step 16600/18112 | Loss 0.6148 | Cls 0.6148
11:27:22 | Ep 1 | Step 16800/18112 | Loss 0.6358 | Cls 0.6358
11:28:33 | Ep 1 | Step 17000/18112 | Loss 0.5031 | Cls 0.5031
11:29:44 | Ep 1 | Step 17200/18112 | Loss 0.4348 | Cls 0.4348
11:30:55 | Ep 1 | Step 17400/18112 | Loss 0.6387 | Cls 0.6387
11:32:06 | Ep 1 | Step 17600/18112 | Loss 0.6400 | Cls 0.6400
11:33:17 | Ep 1 | Step 17800/18112 | Loss 0.6087 | Cls 0.6087
11:34:28 | Ep 1 | Step 18000/18112 | Loss 0.4911 | Cls 0.4911
11:42:40 |    1 cls_only   0.6695  0.6245   0.5261  0.7658  0.8643     *
11:42:47 |   Saved: ./runs/intern_exp2\checkpoints\ep001.pth
11:42:52 |   Saved: ./runs/intern_exp2\checkpoints\best.pth
12:10:47 | Ep 2 | Step 0/18112 | Loss 0.7499 | Cls 0.7499
12:11:56 | Ep 2 | Step 200/18112 | Loss 0.5287 | Cls 0.5287
12:13:07 | Ep 2 | Step 400/18112 | Loss 0.7258 | Cls 0.7258
12:14:18 | Ep 2 | Step 600/18112 | Loss 0.4325 | Cls 0.4325
12:15:28 | Ep 2 | Step 800/18112 | Loss 0.6502 | Cls 0.6502
12:16:39 | Ep 2 | Step 1000/18112 | Loss 0.5975 | Cls 0.5975
12:17:50 | Ep 2 | Step 1200/18112 | Loss 0.5287 | Cls 0.5287
12:19:01 | Ep 2 | Step 1400/18112 | Loss 0.5732 | Cls 0.5732
12:20:12 | Ep 2 | Step 1600/18112 | Loss 0.7720 | Cls 0.7720
12:21:23 | Ep 2 | Step 1800/18112 | Loss 0.6026 | Cls 0.6026
12:22:34 | Ep 2 | Step 2000/18112 | Loss 0.5681 | Cls 0.5681
12:23:45 | Ep 2 | Step 2200/18112 | Loss 0.6532 | Cls 0.6532
12:24:56 | Ep 2 | Step 2400/18112 | Loss 0.5846 | Cls 0.5846
12:26:07 | Ep 2 | Step 2600/18112 | Loss 0.5918 | Cls 0.5918
12:27:18 | Ep 2 | Step 2800/18112 | Loss 0.5585 | Cls 0.5585
12:28:29 | Ep 2 | Step 3000/18112 | Loss 0.4714 | Cls 0.4714
12:29:40 | Ep 2 | Step 3200/18112 | Loss 0.6772 | Cls 0.6772
12:30:51 | Ep 2 | Step 3400/18112 | Loss 0.8236 | Cls 0.8236
12:32:02 | Ep 2 | Step 3600/18112 | Loss 0.5404 | Cls 0.5404
12:33:13 | Ep 2 | Step 3800/18112 | Loss 0.5593 | Cls 0.5593
12:34:24 | Ep 2 | Step 4000/18112 | Loss 0.5471 | Cls 0.5471
12:35:35 | Ep 2 | Step 4200/18112 | Loss 0.5623 | Cls 0.5623
12:36:46 | Ep 2 | Step 4400/18112 | Loss 0.3995 | Cls 0.3995
12:37:57 | Ep 2 | Step 4600/18112 | Loss 0.5669 | Cls 0.5669
12:39:08 | Ep 2 | Step 4800/18112 | Loss 0.8733 | Cls 0.8733
12:40:19 | Ep 2 | Step 5000/18112 | Loss 0.5013 | Cls 0.5013
12:41:30 | Ep 2 | Step 5200/18112 | Loss 0.5247 | Cls 0.5247
12:42:41 | Ep 2 | Step 5400/18112 | Loss 0.3892 | Cls 0.3892
12:43:52 | Ep 2 | Step 5600/18112 | Loss 0.8380 | Cls 0.8380
12:45:03 | Ep 2 | Step 5800/18112 | Loss 0.7299 | Cls 0.7299
12:46:14 | Ep 2 | Step 6000/18112 | Loss 0.7066 | Cls 0.7066
12:47:25 | Ep 2 | Step 6200/18112 | Loss 0.6819 | Cls 0.6819
12:48:36 | Ep 2 | Step 6400/18112 | Loss 0.5340 | Cls 0.5340
12:49:47 | Ep 2 | Step 6600/18112 | Loss 0.8396 | Cls 0.8396
12:50:58 | Ep 2 | Step 6800/18112 | Loss 0.5463 | Cls 0.5463
12:52:09 | Ep 2 | Step 7000/18112 | Loss 0.7252 | Cls 0.7252
12:53:20 | Ep 2 | Step 7200/18112 | Loss 0.5069 | Cls 0.5069
12:54:32 | Ep 2 | Step 7400/18112 | Loss 0.4984 | Cls 0.4984
12:55:43 | Ep 2 | Step 7600/18112 | Loss 0.5321 | Cls 0.5321
12:56:54 | Ep 2 | Step 7800/18112 | Loss 0.6297 | Cls 0.6297
12:58:05 | Ep 2 | Step 8000/18112 | Loss 0.6178 | Cls 0.6178
12:59:16 | Ep 2 | Step 8200/18112 | Loss 0.4266 | Cls 0.4266
13:00:27 | Ep 2 | Step 8400/18112 | Loss 0.3698 | Cls 0.3698
13:01:38 | Ep 2 | Step 8600/18112 | Loss 0.6440 | Cls 0.6440
13:02:49 | Ep 2 | Step 8800/18112 | Loss 0.4317 | Cls 0.4317
13:04:00 | Ep 2 | Step 9000/18112 | Loss 0.7704 | Cls 0.7704
13:05:12 | Ep 2 | Step 9200/18112 | Loss 0.5410 | Cls 0.5410
13:06:23 | Ep 2 | Step 9400/18112 | Loss 0.6820 | Cls 0.6820
13:07:34 | Ep 2 | Step 9600/18112 | Loss 0.5585 | Cls 0.5585
13:08:45 | Ep 2 | Step 9800/18112 | Loss 0.3969 | Cls 0.3969
13:09:56 | Ep 2 | Step 10000/18112 | Loss 0.3101 | Cls 0.3101
13:11:07 | Ep 2 | Step 10200/18112 | Loss 0.5973 | Cls 0.5973
13:12:18 | Ep 2 | Step 10400/18112 | Loss 0.4255 | Cls 0.4255
13:13:29 | Ep 2 | Step 10600/18112 | Loss 0.6759 | Cls 0.6759
13:14:41 | Ep 2 | Step 10800/18112 | Loss 0.4555 | Cls 0.4555
13:15:52 | Ep 2 | Step 11000/18112 | Loss 0.4854 | Cls 0.4854
13:17:03 | Ep 2 | Step 11200/18112 | Loss 0.5526 | Cls 0.5526
13:18:14 | Ep 2 | Step 11400/18112 | Loss 0.4708 | Cls 0.4708
13:19:25 | Ep 2 | Step 11600/18112 | Loss 0.5838 | Cls 0.5838
13:20:37 | Ep 2 | Step 11800/18112 | Loss 0.3691 | Cls 0.3691
13:21:49 | Ep 2 | Step 12000/18112 | Loss 0.4397 | Cls 0.4397
13:23:02 | Ep 2 | Step 12200/18112 | Loss 0.7934 | Cls 0.7934
13:24:14 | Ep 2 | Step 12400/18112 | Loss 0.4933 | Cls 0.4933
13:25:27 | Ep 2 | Step 12600/18112 | Loss 0.5303 | Cls 0.5303
13:26:40 | Ep 2 | Step 12800/18112 | Loss 0.4827 | Cls 0.4827
13:27:51 | Ep 2 | Step 13000/18112 | Loss 0.3509 | Cls 0.3509
13:29:03 | Ep 2 | Step 13200/18112 | Loss 0.6461 | Cls 0.6461
13:30:15 | Ep 2 | Step 13400/18112 | Loss 0.4261 | Cls 0.4261
13:31:42 | Ep 2 | Step 13600/18112 | Loss 0.6300 | Cls 0.6300
13:35:10 | Ep 2 | Step 13800/18112 | Loss 0.6358 | Cls 0.6358
13:38:07 | Ep 2 | Step 14000/18112 | Loss 0.5633 | Cls 0.5633
13:39:18 | Ep 2 | Step 14200/18112 | Loss 0.4265 | Cls 0.4265
13:40:29 | Ep 2 | Step 14400/18112 | Loss 0.4136 | Cls 0.4136
13:41:41 | Ep 2 | Step 14600/18112 | Loss 0.6097 | Cls 0.6097
13:42:52 | Ep 2 | Step 14800/18112 | Loss 0.4241 | Cls 0.4241
13:44:03 | Ep 2 | Step 15000/18112 | Loss 0.7790 | Cls 0.7790
13:45:14 | Ep 2 | Step 15200/18112 | Loss 0.5190 | Cls 0.5190
13:46:26 | Ep 2 | Step 15400/18112 | Loss 0.6883 | Cls 0.6883
13:47:37 | Ep 2 | Step 15600/18112 | Loss 0.7591 | Cls 0.7591
13:48:48 | Ep 2 | Step 15800/18112 | Loss 0.6551 | Cls 0.6551
13:49:59 | Ep 2 | Step 16000/18112 | Loss 0.3495 | Cls 0.3495
13:51:11 | Ep 2 | Step 16200/18112 | Loss 0.8123 | Cls 0.8123
13:52:22 | Ep 2 | Step 16400/18112 | Loss 0.5231 | Cls 0.5231
13:53:33 | Ep 2 | Step 16600/18112 | Loss 0.5813 | Cls 0.5813
13:54:45 | Ep 2 | Step 16800/18112 | Loss 0.4245 | Cls 0.4245
13:55:56 | Ep 2 | Step 17000/18112 | Loss 0.5126 | Cls 0.5126
13:57:07 | Ep 2 | Step 17200/18112 | Loss 0.5439 | Cls 0.5439
13:58:18 | Ep 2 | Step 17400/18112 | Loss 0.4526 | Cls 0.4526
13:59:29 | Ep 2 | Step 17600/18112 | Loss 0.4709 | Cls 0.4709
14:00:40 | Ep 2 | Step 17800/18112 | Loss 0.5767 | Cls 0.5767
14:01:52 | Ep 2 | Step 18000/18112 | Loss 0.8477 | Cls 0.8477
14:09:28 |    2 cls_only   0.5657  0.7247   0.5501  0.7418  0.9041     *
15:29:50 | Device: cuda
15:29:50 | GPU   : NVIDIA RTX A5000
15:29:50 | VRAM  : 25.8 GB
15:29:50 | Loading data ...
15:31:26 | Building model ...
15:31:32 | Optimizer groups: LoRA=392 tensors, custom=20 tensors
15:31:34 | Resumed from epoch 1, best AUC=0.8643
15:31:34 | ======================================================================
15:31:34 |   batch_size=8  grad_accum=4  eff_batch=32
15:31:34 |   lm_seq_len=192  lm_loss_weight=0.3
15:31:34 |   epochs_cls=3  epochs_joint=2
15:31:34 |   lr=5e-05  lora_rank=64
15:31:34 |   steps/epoch=18112  total_steps=90560
15:31:34 |   logs → ./runs/intern_exp2\logs
15:31:34 | ======================================================================
15:31:34 |   Ep    Stage   TrLoss   TrAcc   VaLoss   VaAcc   VaAUC  Best
15:31:34 | ======================================================================
15:57:41 | Ep 2 | Step 0/18112 | Loss 0.7124 | Cls 0.7124
15:58:50 | Ep 2 | Step 200/18112 | Loss 0.7766 | Cls 0.7766
16:00:01 | Ep 2 | Step 400/18112 | Loss 0.6399 | Cls 0.6399
16:01:12 | Ep 2 | Step 600/18112 | Loss 0.5193 | Cls 0.5193
16:02:23 | Ep 2 | Step 800/18112 | Loss 0.6066 | Cls 0.6066
16:03:35 | Ep 2 | Step 1000/18112 | Loss 0.5301 | Cls 0.5301
16:04:46 | Ep 2 | Step 1200/18112 | Loss 0.5251 | Cls 0.5251
16:05:57 | Ep 2 | Step 1400/18112 | Loss 0.4736 | Cls 0.4736
16:07:09 | Ep 2 | Step 1600/18112 | Loss 0.6166 | Cls 0.6166
16:08:21 | Ep 2 | Step 1800/18112 | Loss 0.5937 | Cls 0.5937
16:09:32 | Ep 2 | Step 2000/18112 | Loss 0.4170 | Cls 0.4170
16:10:43 | Ep 2 | Step 2200/18112 | Loss 0.4659 | Cls 0.4659
16:11:55 | Ep 2 | Step 2400/18112 | Loss 0.6161 | Cls 0.6161
16:13:06 | Ep 2 | Step 2600/18112 | Loss 0.6226 | Cls 0.6226
16:14:17 | Ep 2 | Step 2800/18112 | Loss 0.3558 | Cls 0.3558
16:15:28 | Ep 2 | Step 3000/18112 | Loss 0.7530 | Cls 0.7530
16:16:39 | Ep 2 | Step 3200/18112 | Loss 0.4478 | Cls 0.4478
16:17:51 | Ep 2 | Step 3400/18112 | Loss 0.4956 | Cls 0.4956
16:19:02 | Ep 2 | Step 3600/18112 | Loss 0.6721 | Cls 0.6721
16:20:13 | Ep 2 | Step 3800/18112 | Loss 0.5477 | Cls 0.5477
16:21:24 | Ep 2 | Step 4000/18112 | Loss 0.5590 | Cls 0.5590
16:22:36 | Ep 2 | Step 4200/18112 | Loss 0.3449 | Cls 0.3449
16:23:47 | Ep 2 | Step 4400/18112 | Loss 0.7140 | Cls 0.7140
16:24:58 | Ep 2 | Step 4600/18112 | Loss 0.3760 | Cls 0.3760
16:26:10 | Ep 2 | Step 4800/18112 | Loss 0.4360 | Cls 0.4360
16:27:21 | Ep 2 | Step 5000/18112 | Loss 0.6381 | Cls 0.6381
16:28:32 | Ep 2 | Step 5200/18112 | Loss 0.7020 | Cls 0.7020
16:29:44 | Ep 2 | Step 5400/18112 | Loss 0.3776 | Cls 0.3776
16:30:55 | Ep 2 | Step 5600/18112 | Loss 0.5694 | Cls 0.5694
16:32:06 | Ep 2 | Step 5800/18112 | Loss 0.6855 | Cls 0.6855
16:33:18 | Ep 2 | Step 6000/18112 | Loss 0.6484 | Cls 0.6484
16:34:29 | Ep 2 | Step 6200/18112 | Loss 0.4161 | Cls 0.4161
16:35:40 | Ep 2 | Step 6400/18112 | Loss 0.5060 | Cls 0.5060
16:36:52 | Ep 2 | Step 6600/18112 | Loss 0.6523 | Cls 0.6523
16:38:03 | Ep 2 | Step 6800/18112 | Loss 0.7487 | Cls 0.7487
16:39:14 | Ep 2 | Step 7000/18112 | Loss 0.5485 | Cls 0.5485
16:40:26 | Ep 2 | Step 7200/18112 | Loss 0.4795 | Cls 0.4795
16:41:37 | Ep 2 | Step 7400/18112 | Loss 0.6819 | Cls 0.6819
16:42:48 | Ep 2 | Step 7600/18112 | Loss 0.6416 | Cls 0.6416
16:44:00 | Ep 2 | Step 7800/18112 | Loss 0.6164 | Cls 0.6164
16:45:11 | Ep 2 | Step 8000/18112 | Loss 0.6943 | Cls 0.6943
16:46:22 | Ep 2 | Step 8200/18112 | Loss 0.5119 | Cls 0.5119
16:47:34 | Ep 2 | Step 8400/18112 | Loss 0.5518 | Cls 0.5518
16:48:45 | Ep 2 | Step 8600/18112 | Loss 0.6233 | Cls 0.6233
16:49:56 | Ep 2 | Step 8800/18112 | Loss 0.6404 | Cls 0.6404
16:51:08 | Ep 2 | Step 9000/18112 | Loss 0.4419 | Cls 0.4419
16:52:19 | Ep 2 | Step 9200/18112 | Loss 0.5354 | Cls 0.5354
16:53:30 | Ep 2 | Step 9400/18112 | Loss 0.6326 | Cls 0.6326
16:54:42 | Ep 2 | Step 9600/18112 | Loss 0.6507 | Cls 0.6507
16:55:53 | Ep 2 | Step 9800/18112 | Loss 0.4471 | Cls 0.4471
16:57:05 | Ep 2 | Step 10000/18112 | Loss 0.5376 | Cls 0.5376
16:58:16 | Ep 2 | Step 10200/18112 | Loss 0.6991 | Cls 0.6991
16:59:27 | Ep 2 | Step 10400/18112 | Loss 0.4399 | Cls 0.4399
17:00:39 | Ep 2 | Step 10600/18112 | Loss 0.5704 | Cls 0.5704
17:01:50 | Ep 2 | Step 10800/18112 | Loss 0.5616 | Cls 0.5616
17:03:01 | Ep 2 | Step 11000/18112 | Loss 0.4405 | Cls 0.4405
17:04:13 | Ep 2 | Step 11200/18112 | Loss 0.5723 | Cls 0.5723
17:05:24 | Ep 2 | Step 11400/18112 | Loss 0.5752 | Cls 0.5752
17:06:35 | Ep 2 | Step 11600/18112 | Loss 0.3985 | Cls 0.3985
17:07:47 | Ep 2 | Step 11800/18112 | Loss 0.4223 | Cls 0.4223
17:08:58 | Ep 2 | Step 12000/18112 | Loss 0.5072 | Cls 0.5072
17:10:10 | Ep 2 | Step 12200/18112 | Loss 0.4888 | Cls 0.4888
17:11:21 | Ep 2 | Step 12400/18112 | Loss 0.4955 | Cls 0.4955
17:12:32 | Ep 2 | Step 12600/18112 | Loss 0.5567 | Cls 0.5567
17:13:44 | Ep 2 | Step 12800/18112 | Loss 0.3530 | Cls 0.3530
17:14:55 | Ep 2 | Step 13000/18112 | Loss 0.4664 | Cls 0.4664
17:16:06 | Ep 2 | Step 13200/18112 | Loss 0.7248 | Cls 0.7248
17:17:18 | Ep 2 | Step 13400/18112 | Loss 0.4247 | Cls 0.4247
17:18:29 | Ep 2 | Step 13600/18112 | Loss 0.5869 | Cls 0.5869
17:19:40 | Ep 2 | Step 13800/18112 | Loss 0.6586 | Cls 0.6586
17:20:51 | Ep 2 | Step 14000/18112 | Loss 0.3592 | Cls 0.3592
17:22:03 | Ep 2 | Step 14200/18112 | Loss 0.5519 | Cls 0.5519
17:23:14 | Ep 2 | Step 14400/18112 | Loss 0.4817 | Cls 0.4817
17:24:25 | Ep 2 | Step 14600/18112 | Loss 0.6306 | Cls 0.6306
17:25:37 | Ep 2 | Step 14800/18112 | Loss 0.7491 | Cls 0.7491
17:26:48 | Ep 2 | Step 15000/18112 | Loss 0.3337 | Cls 0.3337
17:27:59 | Ep 2 | Step 15200/18112 | Loss 0.5602 | Cls 0.5602
17:29:11 | Ep 2 | Step 15400/18112 | Loss 0.4585 | Cls 0.4585
17:30:22 | Ep 2 | Step 15600/18112 | Loss 0.6113 | Cls 0.6113
17:31:33 | Ep 2 | Step 15800/18112 | Loss 0.4662 | Cls 0.4662
17:32:44 | Ep 2 | Step 16000/18112 | Loss 0.4490 | Cls 0.4490
17:33:56 | Ep 2 | Step 16200/18112 | Loss 0.3432 | Cls 0.3432
17:35:07 | Ep 2 | Step 16400/18112 | Loss 0.4804 | Cls 0.4804
17:36:18 | Ep 2 | Step 16600/18112 | Loss 0.4841 | Cls 0.4841
17:37:29 | Ep 2 | Step 16800/18112 | Loss 0.5782 | Cls 0.5782
17:38:41 | Ep 2 | Step 17000/18112 | Loss 0.5592 | Cls 0.5592
17:39:52 | Ep 2 | Step 17200/18112 | Loss 0.5756 | Cls 0.5756
17:41:03 | Ep 2 | Step 17400/18112 | Loss 0.6181 | Cls 0.6181
17:42:15 | Ep 2 | Step 17600/18112 | Loss 0.4300 | Cls 0.4300
17:43:26 | Ep 2 | Step 17800/18112 | Loss 0.4037 | Cls 0.4037
17:44:37 | Ep 2 | Step 18000/18112 | Loss 0.4133 | Cls 0.4133
17:52:41 |    2 cls_only   0.5657  0.7237   0.5004  0.7857  0.9004     *
17:52:47 |   Saved: ./runs/intern_exp2\checkpoints\ep002.pth
17:52:54 |   Saved: ./runs/intern_exp2\checkpoints\best.pth
13:06:32 | Device: cuda
13:06:32 | GPU   : NVIDIA RTX A5000
13:06:32 | VRAM  : 25.8 GB
13:06:32 | Loading data ...
13:08:20 | Building model ...
13:08:25 | Optimizer groups: LoRA=392 tensors, custom=20 tensors
13:08:27 | Resumed from epoch 2, best AUC=0.9004
13:08:27 | ======================================================================
13:08:27 |   batch_size=8  grad_accum=4  eff_batch=32
13:08:27 |   lm_seq_len=192  lm_loss_weight=0.3
13:08:27 |   epochs_cls=3  epochs_joint=2
13:08:27 |   lr=5e-05  lora_rank=64
13:08:27 |   steps/epoch=18112  total_steps=90560
13:08:27 |   logs → ./runs/intern_exp2\logs
13:08:27 | ======================================================================
13:08:27 |   Ep    Stage   TrLoss   TrAcc   VaLoss   VaAcc   VaAUC  Best
13:08:27 | ======================================================================
13:32:47 | Ep 3 | Step 0/18112 | Loss 0.6477 | Cls 0.6477
13:33:57 | Ep 3 | Step 200/18112 | Loss 0.4375 | Cls 0.4375
13:35:08 | Ep 3 | Step 400/18112 | Loss 0.4365 | Cls 0.4365
13:36:19 | Ep 3 | Step 600/18112 | Loss 0.5994 | Cls 0.5994
13:37:30 | Ep 3 | Step 800/18112 | Loss 0.6762 | Cls 0.6762
13:38:42 | Ep 3 | Step 1000/18112 | Loss 0.4373 | Cls 0.4373
13:39:53 | Ep 3 | Step 1200/18112 | Loss 0.6173 | Cls 0.6173
13:41:05 | Ep 3 | Step 1400/18112 | Loss 0.5608 | Cls 0.5608
13:42:16 | Ep 3 | Step 1600/18112 | Loss 0.3684 | Cls 0.3684
13:43:27 | Ep 3 | Step 1800/18112 | Loss 0.7268 | Cls 0.7268
13:44:39 | Ep 3 | Step 2000/18112 | Loss 0.4798 | Cls 0.4798
13:45:50 | Ep 3 | Step 2200/18112 | Loss 0.5113 | Cls 0.5113
13:47:02 | Ep 3 | Step 2400/18112 | Loss 0.4379 | Cls 0.4379
13:48:13 | Ep 3 | Step 2600/18112 | Loss 0.6960 | Cls 0.6960
13:49:24 | Ep 3 | Step 2800/18112 | Loss 0.5802 | Cls 0.5802
13:50:36 | Ep 3 | Step 3000/18112 | Loss 0.4801 | Cls 0.4801
13:51:47 | Ep 3 | Step 3200/18112 | Loss 0.6507 | Cls 0.6507
13:52:59 | Ep 3 | Step 3400/18112 | Loss 0.4771 | Cls 0.4771
13:54:10 | Ep 3 | Step 3600/18112 | Loss 0.6255 | Cls 0.6255
13:55:21 | Ep 3 | Step 3800/18112 | Loss 0.4479 | Cls 0.4479
13:56:33 | Ep 3 | Step 4000/18112 | Loss 0.6143 | Cls 0.6143
13:57:44 | Ep 3 | Step 4200/18112 | Loss 0.5696 | Cls 0.5696
13:58:56 | Ep 3 | Step 4400/18112 | Loss 0.7042 | Cls 0.7042
14:00:07 | Ep 3 | Step 4600/18112 | Loss 0.5332 | Cls 0.5332
14:01:18 | Ep 3 | Step 4800/18112 | Loss 0.4126 | Cls 0.4126
14:02:30 | Ep 3 | Step 5000/18112 | Loss 0.6001 | Cls 0.6001
14:03:41 | Ep 3 | Step 5200/18112 | Loss 0.4949 | Cls 0.4949
14:04:53 | Ep 3 | Step 5400/18112 | Loss 0.7281 | Cls 0.7281
14:06:04 | Ep 3 | Step 5600/18112 | Loss 0.6472 | Cls 0.6472
14:07:16 | Ep 3 | Step 5800/18112 | Loss 0.5034 | Cls 0.5034
14:08:27 | Ep 3 | Step 6000/18112 | Loss 0.4510 | Cls 0.4510
14:09:38 | Ep 3 | Step 6200/18112 | Loss 0.4766 | Cls 0.4766
14:10:50 | Ep 3 | Step 6400/18112 | Loss 0.4663 | Cls 0.4663
14:12:01 | Ep 3 | Step 6600/18112 | Loss 0.5403 | Cls 0.5403
14:13:12 | Ep 3 | Step 6800/18112 | Loss 0.5521 | Cls 0.5521
14:14:24 | Ep 3 | Step 7000/18112 | Loss 0.5089 | Cls 0.5089
14:15:35 | Ep 3 | Step 7200/18112 | Loss 0.3758 | Cls 0.3758
14:16:46 | Ep 3 | Step 7400/18112 | Loss 0.3376 | Cls 0.3376
14:17:58 | Ep 3 | Step 7600/18112 | Loss 0.6229 | Cls 0.6229
14:19:09 | Ep 3 | Step 7800/18112 | Loss 0.6561 | Cls 0.6561
14:20:20 | Ep 3 | Step 8000/18112 | Loss 0.5679 | Cls 0.5679
14:21:32 | Ep 3 | Step 8200/18112 | Loss 0.3472 | Cls 0.3472
14:22:43 | Ep 3 | Step 8400/18112 | Loss 0.5722 | Cls 0.5722
14:23:54 | Ep 3 | Step 8600/18112 | Loss 0.5919 | Cls 0.5919
14:25:06 | Ep 3 | Step 8800/18112 | Loss 0.5220 | Cls 0.5220
14:26:17 | Ep 3 | Step 9000/18112 | Loss 0.5311 | Cls 0.5311
14:27:28 | Ep 3 | Step 9200/18112 | Loss 0.5392 | Cls 0.5392
14:28:40 | Ep 3 | Step 9400/18112 | Loss 0.6325 | Cls 0.6325
14:29:51 | Ep 3 | Step 9600/18112 | Loss 0.6101 | Cls 0.6101
14:31:02 | Ep 3 | Step 9800/18112 | Loss 0.9413 | Cls 0.9413
14:32:14 | Ep 3 | Step 10000/18112 | Loss 0.5769 | Cls 0.5769
14:33:25 | Ep 3 | Step 10200/18112 | Loss 0.5978 | Cls 0.5978
14:34:37 | Ep 3 | Step 10400/18112 | Loss 0.8232 | Cls 0.8232
14:35:48 | Ep 3 | Step 10600/18112 | Loss 0.5128 | Cls 0.5128
14:36:59 | Ep 3 | Step 10800/18112 | Loss 0.5163 | Cls 0.5163
14:38:11 | Ep 3 | Step 11000/18112 | Loss 0.4997 | Cls 0.4997
14:39:22 | Ep 3 | Step 11200/18112 | Loss 0.4850 | Cls 0.4850
14:40:33 | Ep 3 | Step 11400/18112 | Loss 0.6717 | Cls 0.6717
14:41:45 | Ep 3 | Step 11600/18112 | Loss 0.5229 | Cls 0.5229
14:42:56 | Ep 3 | Step 11800/18112 | Loss 0.5096 | Cls 0.5096
14:44:08 | Ep 3 | Step 12000/18112 | Loss 0.4149 | Cls 0.4149
14:45:19 | Ep 3 | Step 12200/18112 | Loss 0.9595 | Cls 0.9595
14:46:30 | Ep 3 | Step 12400/18112 | Loss 0.5378 | Cls 0.5378
14:47:42 | Ep 3 | Step 12600/18112 | Loss 0.5700 | Cls 0.5700
14:48:53 | Ep 3 | Step 12800/18112 | Loss 0.5666 | Cls 0.5666
14:50:05 | Ep 3 | Step 13000/18112 | Loss 0.6806 | Cls 0.6806
14:51:16 | Ep 3 | Step 13200/18112 | Loss 0.6950 | Cls 0.6950
14:52:27 | Ep 3 | Step 13400/18112 | Loss 0.4482 | Cls 0.4482
14:53:39 | Ep 3 | Step 13600/18112 | Loss 0.4746 | Cls 0.4746
14:54:50 | Ep 3 | Step 13800/18112 | Loss 0.3061 | Cls 0.3061
14:56:01 | Ep 3 | Step 14000/18112 | Loss 0.5651 | Cls 0.5651
14:57:13 | Ep 3 | Step 14200/18112 | Loss 0.8064 | Cls 0.8064
14:58:24 | Ep 3 | Step 14400/18112 | Loss 0.4701 | Cls 0.4701
14:59:35 | Ep 3 | Step 14600/18112 | Loss 0.7268 | Cls 0.7268
15:00:47 | Ep 3 | Step 14800/18112 | Loss 0.6431 | Cls 0.6431
15:01:58 | Ep 3 | Step 15000/18112 | Loss 0.4649 | Cls 0.4649
15:03:09 | Ep 3 | Step 15200/18112 | Loss 0.4398 | Cls 0.4398
15:04:21 | Ep 3 | Step 15400/18112 | Loss 0.3841 | Cls 0.3841
15:05:32 | Ep 3 | Step 15600/18112 | Loss 0.2961 | Cls 0.2961
15:06:43 | Ep 3 | Step 15800/18112 | Loss 0.3377 | Cls 0.3377
15:07:55 | Ep 3 | Step 16000/18112 | Loss 0.7670 | Cls 0.7670
15:09:06 | Ep 3 | Step 16200/18112 | Loss 0.6460 | Cls 0.6460
15:10:18 | Ep 3 | Step 16400/18112 | Loss 0.3991 | Cls 0.3991
15:11:29 | Ep 3 | Step 16600/18112 | Loss 0.4241 | Cls 0.4241
15:12:40 | Ep 3 | Step 16800/18112 | Loss 0.4816 | Cls 0.4816
15:13:52 | Ep 3 | Step 17000/18112 | Loss 0.7876 | Cls 0.7876
15:15:03 | Ep 3 | Step 17200/18112 | Loss 0.8589 | Cls 0.8589
15:16:14 | Ep 3 | Step 17400/18112 | Loss 0.5449 | Cls 0.5449
15:17:26 | Ep 3 | Step 17600/18112 | Loss 0.5194 | Cls 0.5194
15:18:37 | Ep 3 | Step 17800/18112 | Loss 0.6712 | Cls 0.6712
15:19:48 | Ep 3 | Step 18000/18112 | Loss 0.3822 | Cls 0.3822
15:27:58 |    3 cls_only   0.5358  0.7526   0.5268  0.7675  0.9183     *
15:28:04 |   Saved: ./runs/intern_exp2\checkpoints\ep003.pth
15:28:11 |   Saved: ./runs/intern_exp2\checkpoints\best.pth
15:56:14 | Ep 4 | Step 0/18112 | Loss 1.9185 | Cls 0.7711 | LM 3.8246
15:58:36 | Ep 4 | Step 200/18112 | Loss 0.9123 | Cls 0.5045 | LM 1.3592
16:01:01 | Ep 4 | Step 400/18112 | Loss 0.9908 | Cls 0.7638 | LM 0.7566
16:03:25 | Ep 4 | Step 600/18112 | Loss 0.7294 | Cls 0.3595 | LM 1.2330
16:05:49 | Ep 4 | Step 800/18112 | Loss 0.8507 | Cls 0.5001 | LM 1.1687
16:08:13 | Ep 4 | Step 1000/18112 | Loss 1.0884 | Cls 0.7828 | LM 1.0187
16:10:38 | Ep 4 | Step 1200/18112 | Loss 0.3612 | Cls 0.3265 | LM 0.1157
16:13:02 | Ep 4 | Step 1400/18112 | Loss 1.0836 | Cls 0.7158 | LM 1.2259
16:15:26 | Ep 4 | Step 1600/18112 | Loss 0.9704 | Cls 0.7053 | LM 0.8837
16:17:50 | Ep 4 | Step 1800/18112 | Loss 0.7462 | Cls 0.4355 | LM 1.0354
16:20:14 | Ep 4 | Step 2000/18112 | Loss 0.7801 | Cls 0.3875 | LM 1.3089
16:22:39 | Ep 4 | Step 2200/18112 | Loss 0.7814 | Cls 0.4785 | LM 1.0096
16:25:03 | Ep 4 | Step 2400/18112 | Loss 0.8242 | Cls 0.5294 | LM 0.9828
16:27:27 | Ep 4 | Step 2600/18112 | Loss 0.6462 | Cls 0.4479 | LM 0.6610
16:29:51 | Ep 4 | Step 2800/18112 | Loss 0.7333 | Cls 0.4138 | LM 1.0649
16:32:16 | Ep 4 | Step 3000/18112 | Loss 0.5697 | Cls 0.3428 | LM 0.7564
16:34:40 | Ep 4 | Step 3200/18112 | Loss 0.7103 | Cls 0.4267 | LM 0.9453
16:37:04 | Ep 4 | Step 3400/18112 | Loss 0.6513 | Cls 0.2978 | LM 1.1783
16:39:28 | Ep 4 | Step 3600/18112 | Loss 1.0286 | Cls 0.7479 | LM 0.9355
16:41:53 | Ep 4 | Step 3800/18112 | Loss 0.5941 | Cls 0.3622 | LM 0.7731
16:44:17 | Ep 4 | Step 4000/18112 | Loss 0.5158 | Cls 0.4713 | LM 0.1486
16:46:41 | Ep 4 | Step 4200/18112 | Loss 0.6719 | Cls 0.4127 | LM 0.8637
16:49:05 | Ep 4 | Step 4400/18112 | Loss 0.4741 | Cls 0.4362 | LM 0.1264
16:51:30 | Ep 4 | Step 4600/18112 | Loss 0.8355 | Cls 0.6443 | LM 0.6375
16:53:54 | Ep 4 | Step 4800/18112 | Loss 0.8688 | Cls 0.6182 | LM 0.8352
16:56:18 | Ep 4 | Step 5000/18112 | Loss 0.5789 | Cls 0.3502 | LM 0.7624
16:58:42 | Ep 4 | Step 5200/18112 | Loss 0.5974 | Cls 0.3258 | LM 0.9053
17:01:07 | Ep 4 | Step 5400/18112 | Loss 0.6755 | Cls 0.4488 | LM 0.7557
17:03:31 | Ep 4 | Step 5600/18112 | Loss 0.8493 | Cls 0.5829 | LM 0.8883
17:05:55 | Ep 4 | Step 5800/18112 | Loss 0.5994 | Cls 0.3744 | LM 0.7498
17:08:20 | Ep 4 | Step 6000/18112 | Loss 0.7143 | Cls 0.4910 | LM 0.7441
17:10:44 | Ep 4 | Step 6200/18112 | Loss 0.4257 | Cls 0.4020 | LM 0.0791
17:13:08 | Ep 4 | Step 6400/18112 | Loss 0.6345 | Cls 0.4368 | LM 0.6592
17:15:32 | Ep 4 | Step 6600/18112 | Loss 0.7294 | Cls 0.5107 | LM 0.7289
17:17:57 | Ep 4 | Step 6800/18112 | Loss 0.6457 | Cls 0.4583 | LM 0.6248
17:20:21 | Ep 4 | Step 7000/18112 | Loss 0.6985 | Cls 0.4520 | LM 0.8217
17:22:45 | Ep 4 | Step 7200/18112 | Loss 1.0918 | Cls 0.7014 | LM 1.3013
17:25:09 | Ep 4 | Step 7400/18112 | Loss 0.8384 | Cls 0.4434 | LM 1.3166
17:27:34 | Ep 4 | Step 7600/18112 | Loss 0.9650 | Cls 0.7670 | LM 0.6597
17:29:58 | Ep 4 | Step 7800/18112 | Loss 0.6144 | Cls 0.3461 | LM 0.8942
17:32:22 | Ep 4 | Step 8000/18112 | Loss 0.6604 | Cls 0.4635 | LM 0.6563
17:34:46 | Ep 4 | Step 8200/18112 | Loss 0.6067 | Cls 0.3928 | LM 0.7130
10:34:19 | Device: cuda
10:34:19 | GPU   : NVIDIA RTX A5000
10:34:19 | VRAM  : 25.8 GB
10:34:19 | Loading data ...
10:36:17 | Building model ...
10:36:27 | Optimizer groups: LoRA=392 tensors, custom=20 tensors
10:36:31 | Resumed from epoch 3, best AUC=0.9183
10:36:31 | ======================================================================
10:36:31 |   batch_size=8  grad_accum=4  eff_batch=32
10:36:31 |   lm_seq_len=192  lm_loss_weight=0.3
10:36:31 |   epochs_cls=3  epochs_joint=2
10:36:31 |   lr=5e-05  lora_rank=64
10:36:31 |   steps/epoch=18112  total_steps=90560
10:36:31 |   logs → ./runs/intern_exp2\logs
10:36:31 | ======================================================================
10:36:31 |   Ep    Stage   TrLoss   TrAcc   VaLoss   VaAcc   VaAUC  Best
10:36:31 | ======================================================================
11:02:18 | Ep 4 | Step 0/18112 | Loss 1.3888 | Cls 0.3785 | LM 3.3675
11:04:41 | Ep 4 | Step 200/18112 | Loss 0.9029 | Cls 0.4359 | LM 1.5568
11:07:05 | Ep 4 | Step 400/18112 | Loss 1.0023 | Cls 0.6793 | LM 1.0769
11:09:29 | Ep 4 | Step 600/18112 | Loss 0.6274 | Cls 0.3466 | LM 0.9361
11:11:53 | Ep 4 | Step 800/18112 | Loss 0.7812 | Cls 0.4638 | LM 1.0578
11:14:17 | Ep 4 | Step 1000/18112 | Loss 0.7160 | Cls 0.4206 | LM 0.9845
11:16:41 | Ep 4 | Step 1200/18112 | Loss 0.6889 | Cls 0.4258 | LM 0.8770
11:19:06 | Ep 4 | Step 1400/18112 | Loss 1.0676 | Cls 0.7670 | LM 1.0018
11:21:30 | Ep 4 | Step 1600/18112 | Loss 0.5578 | Cls 0.3133 | LM 0.8147
11:23:54 | Ep 4 | Step 1800/18112 | Loss 0.8203 | Cls 0.5696 | LM 0.8358
11:26:18 | Ep 4 | Step 2000/18112 | Loss 0.8438 | Cls 0.5704 | LM 0.9114
11:28:41 | Ep 4 | Step 2200/18112 | Loss 0.9339 | Cls 0.4174 | LM 1.7216
11:31:05 | Ep 4 | Step 2400/18112 | Loss 0.5898 | Cls 0.5482 | LM 0.1387
11:33:29 | Ep 4 | Step 2600/18112 | Loss 0.6960 | Cls 0.5056 | LM 0.6346
11:35:53 | Ep 4 | Step 2800/18112 | Loss 0.9647 | Cls 0.6662 | LM 0.9948
11:38:16 | Ep 4 | Step 3000/18112 | Loss 0.9666 | Cls 0.6500 | LM 1.0551
11:40:40 | Ep 4 | Step 3200/18112 | Loss 0.6782 | Cls 0.5208 | LM 0.5247
11:43:04 | Ep 4 | Step 3400/18112 | Loss 0.7717 | Cls 0.5185 | LM 0.8440
11:45:28 | Ep 4 | Step 3600/18112 | Loss 0.8075 | Cls 0.5510 | LM 0.8553
11:47:52 | Ep 4 | Step 3800/18112 | Loss 0.8055 | Cls 0.6218 | LM 0.6124
11:50:16 | Ep 4 | Step 4000/18112 | Loss 0.6408 | Cls 0.4452 | LM 0.6521
11:52:39 | Ep 4 | Step 4200/18112 | Loss 0.6971 | Cls 0.3986 | LM 0.9949
11:55:03 | Ep 4 | Step 4400/18112 | Loss 0.6601 | Cls 0.3422 | LM 1.0597
11:57:27 | Ep 4 | Step 4600/18112 | Loss 0.9786 | Cls 0.6977 | LM 0.9365
11:59:51 | Ep 4 | Step 4800/18112 | Loss 0.7064 | Cls 0.4064 | LM 1.0000
12:02:14 | Ep 4 | Step 5000/18112 | Loss 0.7891 | Cls 0.5633 | LM 0.7528
12:04:38 | Ep 4 | Step 5200/18112 | Loss 0.6561 | Cls 0.4037 | LM 0.8412
12:07:02 | Ep 4 | Step 5400/18112 | Loss 0.6891 | Cls 0.4438 | LM 0.8175
12:09:25 | Ep 4 | Step 5600/18112 | Loss 0.5889 | Cls 0.3474 | LM 0.8050
12:11:49 | Ep 4 | Step 5800/18112 | Loss 0.9043 | Cls 0.6116 | LM 0.9756
12:14:13 | Ep 4 | Step 6000/18112 | Loss 0.5600 | Cls 0.3762 | LM 0.6126
12:16:37 | Ep 4 | Step 6200/18112 | Loss 0.6396 | Cls 0.4050 | LM 0.7822
12:19:01 | Ep 4 | Step 6400/18112 | Loss 0.9192 | Cls 0.5331 | LM 1.2872
12:21:25 | Ep 4 | Step 6600/18112 | Loss 0.9409 | Cls 0.5717 | LM 1.2305
12:23:50 | Ep 4 | Step 6800/18112 | Loss 0.5267 | Cls 0.3388 | LM 0.6262
12:26:14 | Ep 4 | Step 7000/18112 | Loss 0.8073 | Cls 0.5348 | LM 0.9082
12:28:38 | Ep 4 | Step 7200/18112 | Loss 0.8171 | Cls 0.5253 | LM 0.9724
12:31:03 | Ep 4 | Step 7400/18112 | Loss 0.4815 | Cls 0.2587 | LM 0.7424
12:33:27 | Ep 4 | Step 7600/18112 | Loss 0.7962 | Cls 0.5609 | LM 0.7843
12:35:51 | Ep 4 | Step 7800/18112 | Loss 0.6520 | Cls 0.3998 | LM 0.8408
12:38:15 | Ep 4 | Step 8000/18112 | Loss 0.6984 | Cls 0.4682 | LM 0.7673
12:40:39 | Ep 4 | Step 8200/18112 | Loss 0.7437 | Cls 0.5167 | LM 0.7567
12:43:03 | Ep 4 | Step 8400/18112 | Loss 0.6316 | Cls 0.4002 | LM 0.7713
12:45:27 | Ep 4 | Step 8600/18112 | Loss 0.7087 | Cls 0.4468 | LM 0.8729
12:47:51 | Ep 4 | Step 8800/18112 | Loss 0.8088 | Cls 0.5547 | LM 0.8472
12:50:15 | Ep 4 | Step 9000/18112 | Loss 0.7952 | Cls 0.6103 | LM 0.6164
12:52:39 | Ep 4 | Step 9200/18112 | Loss 0.7922 | Cls 0.6063 | LM 0.6197
12:55:02 | Ep 4 | Step 9400/18112 | Loss 0.9993 | Cls 0.6561 | LM 1.1439
12:57:26 | Ep 4 | Step 9600/18112 | Loss 0.5785 | Cls 0.3284 | LM 0.8337
12:59:50 | Ep 4 | Step 9800/18112 | Loss 0.9454 | Cls 0.7443 | LM 0.6705
13:02:14 | Ep 4 | Step 10000/18112 | Loss 0.7566 | Cls 0.5658 | LM 0.6360
13:04:37 | Ep 4 | Step 10200/18112 | Loss 0.7671 | Cls 0.5144 | LM 0.8422
13:07:01 | Ep 4 | Step 10400/18112 | Loss 0.7649 | Cls 0.5545 | LM 0.7012
13:09:25 | Ep 4 | Step 10600/18112 | Loss 0.3494 | Cls 0.3193 | LM 0.1001
13:11:49 | Ep 4 | Step 10800/18112 | Loss 0.9717 | Cls 0.6273 | LM 1.1480
13:14:13 | Ep 4 | Step 11000/18112 | Loss 0.9825 | Cls 0.7218 | LM 0.8689
13:16:36 | Ep 4 | Step 11200/18112 | Loss 0.9440 | Cls 0.6857 | LM 0.8612
13:19:00 | Ep 4 | Step 11400/18112 | Loss 0.6745 | Cls 0.4423 | LM 0.7738
13:21:24 | Ep 4 | Step 11600/18112 | Loss 0.8093 | Cls 0.5826 | LM 0.7556
13:23:48 | Ep 4 | Step 11800/18112 | Loss 0.3648 | Cls 0.3401 | LM 0.0825
13:26:11 | Ep 4 | Step 12000/18112 | Loss 0.6965 | Cls 0.4453 | LM 0.8374
13:28:35 | Ep 4 | Step 12200/18112 | Loss 0.5927 | Cls 0.4204 | LM 0.5742
13:30:59 | Ep 4 | Step 12400/18112 | Loss 0.7147 | Cls 0.4596 | LM 0.8501
13:33:23 | Ep 4 | Step 12600/18112 | Loss 0.4706 | Cls 0.4450 | LM 0.0854
13:35:47 | Ep 4 | Step 12800/18112 | Loss 0.8724 | Cls 0.6574 | LM 0.7165
13:38:10 | Ep 4 | Step 13000/18112 | Loss 0.8528 | Cls 0.6438 | LM 0.6967
13:40:34 | Ep 4 | Step 13200/18112 | Loss 0.5958 | Cls 0.3506 | LM 0.8173
13:42:58 | Ep 4 | Step 13400/18112 | Loss 0.9983 | Cls 0.7987 | LM 0.6655
13:45:22 | Ep 4 | Step 13600/18112 | Loss 0.8664 | Cls 0.5185 | LM 1.1597
13:47:46 | Ep 4 | Step 13800/18112 | Loss 0.7412 | Cls 0.4819 | LM 0.8644
13:50:09 | Ep 4 | Step 14000/18112 | Loss 0.7705 | Cls 0.4965 | LM 0.9134
13:52:33 | Ep 4 | Step 14200/18112 | Loss 0.6668 | Cls 0.4317 | LM 0.7838
13:54:57 | Ep 4 | Step 14400/18112 | Loss 0.7016 | Cls 0.5635 | LM 0.4602
13:57:21 | Ep 4 | Step 14600/18112 | Loss 0.5122 | Cls 0.3096 | LM 0.6755
13:59:45 | Ep 4 | Step 14800/18112 | Loss 0.7239 | Cls 0.3506 | LM 1.2443
14:02:09 | Ep 4 | Step 15000/18112 | Loss 0.7819 | Cls 0.5713 | LM 0.7018
14:04:32 | Ep 4 | Step 15200/18112 | Loss 0.6517 | Cls 0.4467 | LM 0.6834
14:06:56 | Ep 4 | Step 15400/18112 | Loss 0.6788 | Cls 0.4547 | LM 0.7469
14:09:20 | Ep 4 | Step 15600/18112 | Loss 0.9979 | Cls 0.7539 | LM 0.8133
14:11:44 | Ep 4 | Step 15800/18112 | Loss 1.1372 | Cls 0.7166 | LM 1.4021
14:14:07 | Ep 4 | Step 16000/18112 | Loss 0.5299 | Cls 0.3679 | LM 0.5403
14:16:31 | Ep 4 | Step 16200/18112 | Loss 0.8274 | Cls 0.5664 | LM 0.8700
14:18:55 | Ep 4 | Step 16400/18112 | Loss 0.8145 | Cls 0.6114 | LM 0.6772
14:21:19 | Ep 4 | Step 16600/18112 | Loss 0.6992 | Cls 0.4483 | LM 0.8361
14:23:43 | Ep 4 | Step 16800/18112 | Loss 0.7786 | Cls 0.5158 | LM 0.8760
14:26:07 | Ep 4 | Step 17000/18112 | Loss 0.7619 | Cls 0.4776 | LM 0.9477
14:28:31 | Ep 4 | Step 17200/18112 | Loss 0.6346 | Cls 0.3753 | LM 0.8642
14:30:55 | Ep 4 | Step 17400/18112 | Loss 0.4966 | Cls 0.2624 | LM 0.7809
14:33:19 | Ep 4 | Step 17600/18112 | Loss 0.6865 | Cls 0.4514 | LM 0.7834
14:35:43 | Ep 4 | Step 17800/18112 | Loss 0.7403 | Cls 0.5623 | LM 0.5934
14:38:06 | Ep 4 | Step 18000/18112 | Loss 0.6373 | Cls 0.3896 | LM 0.8255
14:47:09 |    4    joint   0.7578  0.7762   0.5514  0.7625  0.9260     *
14:47:18 |   Saved: ./runs/intern_exp2\checkpoints\ep004.pth
14:47:24 |   Saved: ./runs/intern_exp2\checkpoints\best.pth
15:16:41 | Ep 5 | Step 0/18112 | Loss 0.5252 | Cls 0.3235 | LM 0.6724
15:19:03 | Ep 5 | Step 200/18112 | Loss 0.7725 | Cls 0.5595 | LM 0.7098
15:21:27 | Ep 5 | Step 400/18112 | Loss 0.8262 | Cls 0.4240 | LM 1.3406
15:23:51 | Ep 5 | Step 600/18112 | Loss 0.7494 | Cls 0.5179 | LM 0.7719
15:26:16 | Ep 5 | Step 800/18112 | Loss 1.0032 | Cls 0.8582 | LM 0.4834
15:28:40 | Ep 5 | Step 1000/18112 | Loss 0.6755 | Cls 0.4496 | LM 0.7530
15:31:04 | Ep 5 | Step 1200/18112 | Loss 0.6624 | Cls 0.4005 | LM 0.8729
15:33:28 | Ep 5 | Step 1400/18112 | Loss 0.5387 | Cls 0.3479 | LM 0.6360
15:35:52 | Ep 5 | Step 1600/18112 | Loss 0.6778 | Cls 0.4069 | LM 0.9030
15:38:17 | Ep 5 | Step 1800/18112 | Loss 0.9559 | Cls 0.6902 | LM 0.8856
15:40:41 | Ep 5 | Step 2000/18112 | Loss 0.7006 | Cls 0.5235 | LM 0.5902
15:43:05 | Ep 5 | Step 2200/18112 | Loss 0.8401 | Cls 0.6422 | LM 0.6597
15:45:29 | Ep 5 | Step 2400/18112 | Loss 0.3662 | Cls 0.3454 | LM 0.0693
15:47:53 | Ep 5 | Step 2600/18112 | Loss 0.7288 | Cls 0.4682 | LM 0.8688
15:50:17 | Ep 5 | Step 2800/18112 | Loss 0.6720 | Cls 0.4286 | LM 0.8114
15:52:41 | Ep 5 | Step 3000/18112 | Loss 0.5748 | Cls 0.2603 | LM 1.0485
15:55:06 | Ep 5 | Step 3200/18112 | Loss 0.6351 | Cls 0.4512 | LM 0.6131
15:57:30 | Ep 5 | Step 3400/18112 | Loss 0.6895 | Cls 0.4824 | LM 0.6905
15:59:54 | Ep 5 | Step 3600/18112 | Loss 0.7034 | Cls 0.4627 | LM 0.8023
16:02:18 | Ep 5 | Step 3800/18112 | Loss 0.6282 | Cls 0.5960 | LM 0.1073
16:04:43 | Ep 5 | Step 4000/18112 | Loss 0.7847 | Cls 0.5361 | LM 0.8287
16:07:07 | Ep 5 | Step 4200/18112 | Loss 0.6259 | Cls 0.3452 | LM 0.9356
16:09:31 | Ep 5 | Step 4400/18112 | Loss 0.3942 | Cls 0.3681 | LM 0.0869
16:11:55 | Ep 5 | Step 4600/18112 | Loss 0.7463 | Cls 0.5327 | LM 0.7119
16:14:19 | Ep 5 | Step 4800/18112 | Loss 0.8129 | Cls 0.6127 | LM 0.6673
16:16:43 | Ep 5 | Step 5000/18112 | Loss 0.7899 | Cls 0.5399 | LM 0.8335
16:19:07 | Ep 5 | Step 5200/18112 | Loss 0.7850 | Cls 0.5419 | LM 0.8100
16:21:32 | Ep 5 | Step 5400/18112 | Loss 0.6701 | Cls 0.4862 | LM 0.6132
16:23:56 | Ep 5 | Step 5600/18112 | Loss 0.5880 | Cls 0.4014 | LM 0.6220
16:26:20 | Ep 5 | Step 5800/18112 | Loss 0.7082 | Cls 0.4303 | LM 0.9265
16:28:44 | Ep 5 | Step 6000/18112 | Loss 0.6893 | Cls 0.4128 | LM 0.9216
16:31:08 | Ep 5 | Step 6200/18112 | Loss 0.6460 | Cls 0.4258 | LM 0.7337
16:33:33 | Ep 5 | Step 6400/18112 | Loss 0.8202 | Cls 0.5518 | LM 0.8947
16:35:57 | Ep 5 | Step 6600/18112 | Loss 0.5903 | Cls 0.4074 | LM 0.6096
16:38:21 | Ep 5 | Step 6800/18112 | Loss 0.6267 | Cls 0.3857 | LM 0.8033
16:40:46 | Ep 5 | Step 7000/18112 | Loss 0.8018 | Cls 0.6420 | LM 0.5327
16:43:10 | Ep 5 | Step 7200/18112 | Loss 0.6516 | Cls 0.3897 | LM 0.8727
16:45:34 | Ep 5 | Step 7400/18112 | Loss 0.9574 | Cls 0.6826 | LM 0.9162
16:47:58 | Ep 5 | Step 7600/18112 | Loss 0.7708 | Cls 0.5452 | LM 0.7519
16:50:23 | Ep 5 | Step 7800/18112 | Loss 0.6222 | Cls 0.4266 | LM 0.6521
16:52:47 | Ep 5 | Step 8000/18112 | Loss 0.6790 | Cls 0.4896 | LM 0.6314
16:55:11 | Ep 5 | Step 8200/18112 | Loss 0.5649 | Cls 0.5328 | LM 0.1067
16:57:35 | Ep 5 | Step 8400/18112 | Loss 0.7245 | Cls 0.6901 | LM 0.1150
16:59:59 | Ep 5 | Step 8600/18112 | Loss 0.6118 | Cls 0.3692 | LM 0.8085
17:02:23 | Ep 5 | Step 8800/18112 | Loss 0.6864 | Cls 0.4336 | LM 0.8424
17:04:47 | Ep 5 | Step 9000/18112 | Loss 0.5766 | Cls 0.3654 | LM 0.7039
17:07:11 | Ep 5 | Step 9200/18112 | Loss 0.7319 | Cls 0.4657 | LM 0.8873
17:09:36 | Ep 5 | Step 9400/18112 | Loss 0.7977 | Cls 0.7620 | LM 0.1191
17:12:00 | Ep 5 | Step 9600/18112 | Loss 0.7322 | Cls 0.5601 | LM 0.5739
17:14:24 | Ep 5 | Step 9800/18112 | Loss 0.5295 | Cls 0.3411 | LM 0.6283
17:16:48 | Ep 5 | Step 10000/18112 | Loss 0.6446 | Cls 0.4758 | LM 0.5628
17:19:12 | Ep 5 | Step 10200/18112 | Loss 0.6979 | Cls 0.5019 | LM 0.6535
17:21:37 | Ep 5 | Step 10400/18112 | Loss 0.8157 | Cls 0.5909 | LM 0.7493
17:24:01 | Ep 5 | Step 10600/18112 | Loss 0.7895 | Cls 0.5474 | LM 0.8070
17:26:25 | Ep 5 | Step 10800/18112 | Loss 0.5926 | Cls 0.3864 | LM 0.6874
17:28:49 | Ep 5 | Step 11000/18112 | Loss 0.6800 | Cls 0.4373 | LM 0.8088
17:31:14 | Ep 5 | Step 11200/18112 | Loss 0.6410 | Cls 0.3991 | LM 0.8064
17:33:38 | Ep 5 | Step 11400/18112 | Loss 0.6524 | Cls 0.4310 | LM 0.7380
17:36:03 | Ep 5 | Step 11600/18112 | Loss 0.8243 | Cls 0.5471 | LM 0.9242
17:38:27 | Ep 5 | Step 11800/18112 | Loss 0.7496 | Cls 0.5404 | LM 0.6972
17:40:52 | Ep 5 | Step 12000/18112 | Loss 0.6343 | Cls 0.4188 | LM 0.7184
17:43:16 | Ep 5 | Step 12200/18112 | Loss 0.6200 | Cls 0.4091 | LM 0.7030
09:22:45 | Device: cuda
09:22:45 | GPU   : NVIDIA RTX A5000
09:22:45 | VRAM  : 25.8 GB
09:22:45 | Loading data ...
09:24:42 | Building model ...
09:24:51 | Optimizer groups: LoRA=392 tensors, custom=20 tensors
09:24:56 | Resumed from epoch 4, best AUC=0.9260
09:24:56 | ======================================================================
09:24:56 |   batch_size=8  grad_accum=4  eff_batch=32
09:24:56 |   lm_seq_len=192  lm_loss_weight=0.3
09:24:56 |   epochs_cls=3  epochs_joint=2
09:24:56 |   lr=5e-05  lora_rank=64
09:24:56 |   steps/epoch=18112  total_steps=90560
09:24:56 |   logs → ./runs/intern_exp2\logs
09:24:56 | ======================================================================
09:24:56 |   Ep    Stage   TrLoss   TrAcc   VaLoss   VaAcc   VaAUC  Best
09:24:56 | ======================================================================
09:51:18 | Ep 5 | Step 0/18112 | Loss 0.8126 | Cls 0.6406 | LM 0.5734
09:53:41 | Ep 5 | Step 200/18112 | Loss 0.8652 | Cls 0.6263 | LM 0.7963
09:56:06 | Ep 5 | Step 400/18112 | Loss 0.4848 | Cls 0.2665 | LM 0.7276
09:58:30 | Ep 5 | Step 600/18112 | Loss 0.5870 | Cls 0.3593 | LM 0.7592
10:00:55 | Ep 5 | Step 800/18112 | Loss 0.7462 | Cls 0.5097 | LM 0.7884
10:03:20 | Ep 5 | Step 1000/18112 | Loss 0.7235 | Cls 0.4795 | LM 0.8135
10:05:44 | Ep 5 | Step 1200/18112 | Loss 0.6431 | Cls 0.4278 | LM 0.7176
10:08:09 | Ep 5 | Step 1400/18112 | Loss 0.7151 | Cls 0.3789 | LM 1.1207
10:10:33 | Ep 5 | Step 1600/18112 | Loss 0.7845 | Cls 0.4606 | LM 1.0796
10:12:58 | Ep 5 | Step 1800/18112 | Loss 0.6624 | Cls 0.4153 | LM 0.8238
10:15:23 | Ep 5 | Step 2000/18112 | Loss 0.7708 | Cls 0.5316 | LM 0.7971
10:17:47 | Ep 5 | Step 2200/18112 | Loss 0.7616 | Cls 0.5392 | LM 0.7414
10:20:12 | Ep 5 | Step 2400/18112 | Loss 0.5845 | Cls 0.3680 | LM 0.7217
10:22:36 | Ep 5 | Step 2600/18112 | Loss 0.6511 | Cls 0.4119 | LM 0.7974
10:25:01 | Ep 5 | Step 2800/18112 | Loss 0.6553 | Cls 0.3775 | LM 0.9261
10:27:25 | Ep 5 | Step 3000/18112 | Loss 0.9764 | Cls 0.7301 | LM 0.8209
10:29:50 | Ep 5 | Step 3200/18112 | Loss 0.6502 | Cls 0.4074 | LM 0.8094
10:32:15 | Ep 5 | Step 3400/18112 | Loss 0.7346 | Cls 0.3920 | LM 1.1418
10:34:39 | Ep 5 | Step 3600/18112 | Loss 0.3988 | Cls 0.3672 | LM 0.1052
10:37:04 | Ep 5 | Step 3800/18112 | Loss 0.4933 | Cls 0.4624 | LM 0.1031
10:39:28 | Ep 5 | Step 4000/18112 | Loss 0.6570 | Cls 0.4140 | LM 0.8100
10:41:53 | Ep 5 | Step 4200/18112 | Loss 0.8518 | Cls 0.6166 | LM 0.7841
10:44:17 | Ep 5 | Step 4400/18112 | Loss 0.7004 | Cls 0.4913 | LM 0.6969
10:46:42 | Ep 5 | Step 4600/18112 | Loss 0.5294 | Cls 0.5049 | LM 0.0818
10:49:06 | Ep 5 | Step 4800/18112 | Loss 0.7481 | Cls 0.4923 | LM 0.8529
10:51:34 | Ep 5 | Step 5000/18112 | Loss 0.7606 | Cls 0.5438 | LM 0.7226
10:54:02 | Ep 5 | Step 5200/18112 | Loss 0.6335 | Cls 0.4054 | LM 0.7605
10:56:28 | Ep 5 | Step 5400/18112 | Loss 0.6955 | Cls 0.3695 | LM 1.0866
10:58:57 | Ep 5 | Step 5600/18112 | Loss 0.5784 | Cls 0.5565 | LM 0.0733
13:37:38 | Device: cuda
13:37:38 | GPU   : NVIDIA RTX A5000
13:37:38 | VRAM  : 25.8 GB
13:37:38 | Loading data ...
13:39:22 | Building model ...
13:39:30 | Optimizer groups: LoRA=392 tensors, custom=20 tensors
13:39:35 | Resumed from epoch 4, best AUC=0.9260
13:39:35 | ======================================================================
13:39:35 |   batch_size=8  grad_accum=4  eff_batch=32
13:39:35 |   lm_seq_len=192  lm_loss_weight=0.3
13:39:35 |   epochs_cls=3  epochs_joint=5
13:39:35 |   lr=5e-05  lora_rank=64
13:39:35 |   steps/epoch=18112  total_steps=144896
13:39:35 |   logs → ./runs/intern_exp2\logs
13:39:35 | ======================================================================
13:39:35 |   Ep    Stage   TrLoss   TrAcc   VaLoss   VaAcc   VaAUC  Best
13:39:35 | ======================================================================
14:13:35 | Ep 5 | Step 0/18112 | Loss 0.6089 | Cls 0.4703 | LM 0.4620
14:15:58 | Ep 5 | Step 200/18112 | Loss 0.7695 | Cls 0.7157 | LM 0.1792
14:18:23 | Ep 5 | Step 400/18112 | Loss 0.3143 | Cls 0.2906 | LM 0.0791
14:20:47 | Ep 5 | Step 600/18112 | Loss 0.6860 | Cls 0.5078 | LM 0.5941
14:23:12 | Ep 5 | Step 800/18112 | Loss 0.6876 | Cls 0.4771 | LM 0.7017
14:25:37 | Ep 5 | Step 1000/18112 | Loss 0.6232 | Cls 0.4408 | LM 0.6079
14:28:03 | Ep 5 | Step 1200/18112 | Loss 0.6406 | Cls 0.4402 | LM 0.6677
14:30:28 | Ep 5 | Step 1400/18112 | Loss 0.5125 | Cls 0.4819 | LM 0.1020
14:32:54 | Ep 5 | Step 1600/18112 | Loss 0.7959 | Cls 0.7709 | LM 0.0832
14:35:19 | Ep 5 | Step 1800/18112 | Loss 0.5700 | Cls 0.3370 | LM 0.7767
14:37:44 | Ep 5 | Step 2000/18112 | Loss 0.5205 | Cls 0.3560 | LM 0.5485
14:40:10 | Ep 5 | Step 2200/18112 | Loss 0.7621 | Cls 0.5198 | LM 0.8077
14:42:35 | Ep 5 | Step 2400/18112 | Loss 0.5975 | Cls 0.3576 | LM 0.7994
14:45:01 | Ep 5 | Step 2600/18112 | Loss 0.9064 | Cls 0.5897 | LM 1.0557
14:47:26 | Ep 5 | Step 2800/18112 | Loss 0.5901 | Cls 0.3679 | LM 0.7407
14:49:51 | Ep 5 | Step 3000/18112 | Loss 0.9290 | Cls 0.6583 | LM 0.9024
14:52:17 | Ep 5 | Step 3200/18112 | Loss 0.5401 | Cls 0.3588 | LM 0.6042
14:54:42 | Ep 5 | Step 3400/18112 | Loss 0.9198 | Cls 0.6926 | LM 0.7576
14:57:08 | Ep 5 | Step 3600/18112 | Loss 0.7517 | Cls 0.5472 | LM 0.6816
14:59:33 | Ep 5 | Step 3800/18112 | Loss 0.7456 | Cls 0.4673 | LM 0.9277
15:01:58 | Ep 5 | Step 4000/18112 | Loss 0.5943 | Cls 0.3865 | LM 0.6928
15:04:24 | Ep 5 | Step 4200/18112 | Loss 0.5923 | Cls 0.3879 | LM 0.6812
15:06:49 | Ep 5 | Step 4400/18112 | Loss 0.6223 | Cls 0.4057 | LM 0.7221
15:09:14 | Ep 5 | Step 4600/18112 | Loss 0.6298 | Cls 0.4162 | LM 0.7122
15:11:39 | Ep 5 | Step 4800/18112 | Loss 1.0500 | Cls 0.5512 | LM 1.6625
15:14:05 | Ep 5 | Step 5000/18112 | Loss 0.5173 | Cls 0.3344 | LM 0.6100
15:16:30 | Ep 5 | Step 5200/18112 | Loss 0.8897 | Cls 0.6106 | LM 0.9303
15:18:56 | Ep 5 | Step 5400/18112 | Loss 0.7794 | Cls 0.5759 | LM 0.6786
15:21:21 | Ep 5 | Step 5600/18112 | Loss 0.8734 | Cls 0.6068 | LM 0.8888
15:23:46 | Ep 5 | Step 5800/18112 | Loss 0.9209 | Cls 0.7078 | LM 0.7103
15:26:12 | Ep 5 | Step 6000/18112 | Loss 0.9159 | Cls 0.6792 | LM 0.7889
15:28:37 | Ep 5 | Step 6200/18112 | Loss 0.6514 | Cls 0.4583 | LM 0.6434
15:31:02 | Ep 5 | Step 6400/18112 | Loss 0.7633 | Cls 0.5377 | LM 0.7520
15:33:27 | Ep 5 | Step 6600/18112 | Loss 0.3783 | Cls 0.3588 | LM 0.0649
15:35:53 | Ep 5 | Step 6800/18112 | Loss 0.5853 | Cls 0.3418 | LM 0.8117
15:38:18 | Ep 5 | Step 7000/18112 | Loss 0.6881 | Cls 0.4642 | LM 0.7465
15:40:43 | Ep 5 | Step 7200/18112 | Loss 0.7578 | Cls 0.3613 | LM 1.3215
15:43:09 | Ep 5 | Step 7400/18112 | Loss 0.6455 | Cls 0.4302 | LM 0.7175
15:45:34 | Ep 5 | Step 7600/18112 | Loss 0.8522 | Cls 0.6110 | LM 0.8040
15:48:00 | Ep 5 | Step 7800/18112 | Loss 0.9197 | Cls 0.7684 | LM 0.5042
15:50:25 | Ep 5 | Step 8000/18112 | Loss 0.6302 | Cls 0.4002 | LM 0.7667
15:52:51 | Ep 5 | Step 8200/18112 | Loss 0.5271 | Cls 0.3288 | LM 0.6613
15:55:16 | Ep 5 | Step 8400/18112 | Loss 0.5073 | Cls 0.2999 | LM 0.6911
15:57:42 | Ep 5 | Step 8600/18112 | Loss 0.7416 | Cls 0.4976 | LM 0.8135
16:00:07 | Ep 5 | Step 8800/18112 | Loss 0.5928 | Cls 0.4096 | LM 0.6106
16:02:33 | Ep 5 | Step 9000/18112 | Loss 0.6507 | Cls 0.4374 | LM 0.7109
16:04:58 | Ep 5 | Step 9200/18112 | Loss 0.6390 | Cls 0.4107 | LM 0.7610
16:07:23 | Ep 5 | Step 9400/18112 | Loss 0.5701 | Cls 0.3231 | LM 0.8234
16:09:49 | Ep 5 | Step 9600/18112 | Loss 0.6913 | Cls 0.5277 | LM 0.5456
16:12:14 | Ep 5 | Step 9800/18112 | Loss 0.9076 | Cls 0.6722 | LM 0.7845
16:14:39 | Ep 5 | Step 10000/18112 | Loss 0.4122 | Cls 0.3921 | LM 0.0671
16:17:05 | Ep 5 | Step 10200/18112 | Loss 0.6706 | Cls 0.6387 | LM 0.1063
16:19:30 | Ep 5 | Step 10400/18112 | Loss 0.6031 | Cls 0.3708 | LM 0.7746
16:21:55 | Ep 5 | Step 10600/18112 | Loss 0.8539 | Cls 0.6320 | LM 0.7398
16:24:20 | Ep 5 | Step 10800/18112 | Loss 0.7564 | Cls 0.4540 | LM 1.0080
16:26:45 | Ep 5 | Step 11000/18112 | Loss 0.6085 | Cls 0.4069 | LM 0.6720
16:29:11 | Ep 5 | Step 11200/18112 | Loss 0.5434 | Cls 0.3166 | LM 0.7560
16:31:36 | Ep 5 | Step 11400/18112 | Loss 0.8091 | Cls 0.5446 | LM 0.8818
16:34:01 | Ep 5 | Step 11600/18112 | Loss 0.7261 | Cls 0.5819 | LM 0.4808
16:36:26 | Ep 5 | Step 11800/18112 | Loss 0.7396 | Cls 0.5215 | LM 0.7271
16:38:52 | Ep 5 | Step 12000/18112 | Loss 0.8402 | Cls 0.6295 | LM 0.7022
16:41:17 | Ep 5 | Step 12200/18112 | Loss 0.6973 | Cls 0.4619 | LM 0.7847
16:43:43 | Ep 5 | Step 12400/18112 | Loss 0.5911 | Cls 0.3768 | LM 0.7146
16:46:08 | Ep 5 | Step 12600/18112 | Loss 0.7083 | Cls 0.4843 | LM 0.7466
16:48:34 | Ep 5 | Step 12800/18112 | Loss 0.6265 | Cls 0.4041 | LM 0.7413
16:51:00 | Ep 5 | Step 13000/18112 | Loss 0.8611 | Cls 0.5948 | LM 0.8876
16:53:25 | Ep 5 | Step 13200/18112 | Loss 0.8827 | Cls 0.6343 | LM 0.8279
16:55:51 | Ep 5 | Step 13400/18112 | Loss 0.6745 | Cls 0.4590 | LM 0.7187
16:58:16 | Ep 5 | Step 13600/18112 | Loss 0.7628 | Cls 0.5448 | LM 0.7267
17:00:42 | Ep 5 | Step 13800/18112 | Loss 0.8033 | Cls 0.6023 | LM 0.6698
17:03:07 | Ep 5 | Step 14000/18112 | Loss 0.5285 | Cls 0.3173 | LM 0.7042
17:05:33 | Ep 5 | Step 14200/18112 | Loss 0.5445 | Cls 0.3046 | LM 0.7996
17:07:58 | Ep 5 | Step 14400/18112 | Loss 0.6837 | Cls 0.4605 | LM 0.7442
17:10:23 | Ep 5 | Step 14600/18112 | Loss 0.6480 | Cls 0.4129 | LM 0.7837
17:12:49 | Ep 5 | Step 14800/18112 | Loss 0.7482 | Cls 0.5101 | LM 0.7937
17:15:15 | Ep 5 | Step 15000/18112 | Loss 0.6166 | Cls 0.4166 | LM 0.6670
17:17:40 | Ep 5 | Step 15200/18112 | Loss 0.4786 | Cls 0.2862 | LM 0.6414
17:20:06 | Ep 5 | Step 15400/18112 | Loss 0.4784 | Cls 0.4524 | LM 0.0867
17:22:31 | Ep 5 | Step 15600/18112 | Loss 0.5571 | Cls 0.3936 | LM 0.5447
17:24:57 | Ep 5 | Step 15800/18112 | Loss 0.8557 | Cls 0.6067 | LM 0.8302
17:27:22 | Ep 5 | Step 16000/18112 | Loss 0.5906 | Cls 0.3451 | LM 0.8182
17:29:48 | Ep 5 | Step 16200/18112 | Loss 0.7209 | Cls 0.4919 | LM 0.7634
17:32:13 | Ep 5 | Step 16400/18112 | Loss 0.5644 | Cls 0.3533 | LM 0.7040
17:34:39 | Ep 5 | Step 16600/18112 | Loss 0.6857 | Cls 0.6516 | LM 0.1136
17:37:05 | Ep 5 | Step 16800/18112 | Loss 0.8016 | Cls 0.5761 | LM 0.7516
17:39:30 | Ep 5 | Step 17000/18112 | Loss 0.7204 | Cls 0.4836 | LM 0.7896
17:41:56 | Ep 5 | Step 17200/18112 | Loss 0.8472 | Cls 0.5581 | LM 0.9637
17:44:22 | Ep 5 | Step 17400/18112 | Loss 0.7142 | Cls 0.4880 | LM 0.7543
17:46:47 | Ep 5 | Step 17600/18112 | Loss 0.6587 | Cls 0.4474 | LM 0.7042
17:49:13 | Ep 5 | Step 17800/18112 | Loss 0.7820 | Cls 0.5000 | LM 0.9401
17:51:39 | Ep 5 | Step 18000/18112 | Loss 0.5697 | Cls 0.3432 | LM 0.7552
18:00:48 |    5    joint   0.7069  0.7884   0.4947  0.7983  0.9314     *
18:00:55 |   Saved: ./runs/intern_exp2\checkpoints\ep005.pth
18:01:01 |   Saved: ./runs/intern_exp2\checkpoints\best.pth
11:03:29 | Device: cuda
11:03:29 | GPU   : NVIDIA RTX A5000
11:03:29 | VRAM  : 25.8 GB
11:03:29 | Loading data ...
11:05:28 | Building model ...
11:05:36 | Optimizer groups: LoRA=392 tensors, custom=20 tensors
11:05:41 | Resumed from epoch 5, best AUC=0.9314
11:05:41 | ======================================================================
11:05:41 |   batch_size=8  grad_accum=4  eff_batch=32
11:05:41 |   lm_seq_len=192  lm_loss_weight=0.3
11:05:41 |   epochs_cls=3  epochs_joint=5
11:05:41 |   lr=5e-05  lora_rank=64
11:05:41 |   steps/epoch=18112  total_steps=144896
11:05:41 |   logs → ./runs/intern_exp2\logs
11:05:41 | ======================================================================
11:05:41 |   Ep    Stage   TrLoss   TrAcc   VaLoss   VaAcc   VaAUC  Best
11:05:41 | ======================================================================
11:36:14 | Ep 6 | Step 0/18112 | Loss 0.7773 | Cls 0.5500 | LM 0.7579
11:38:37 | Ep 6 | Step 200/18112 | Loss 0.3714 | Cls 0.3489 | LM 0.0751
11:41:01 | Ep 6 | Step 400/18112 | Loss 0.9949 | Cls 0.9422 | LM 0.1754
11:43:27 | Ep 6 | Step 600/18112 | Loss 0.7425 | Cls 0.5276 | LM 0.7161
11:45:52 | Ep 6 | Step 800/18112 | Loss 0.7609 | Cls 0.5246 | LM 0.7879
11:48:17 | Ep 6 | Step 1000/18112 | Loss 0.9694 | Cls 0.7515 | LM 0.7260
11:50:42 | Ep 6 | Step 1200/18112 | Loss 0.4405 | Cls 0.4164 | LM 0.0802
11:53:07 | Ep 6 | Step 1400/18112 | Loss 0.5827 | Cls 0.3251 | LM 0.8588
11:55:32 | Ep 6 | Step 1600/18112 | Loss 0.7173 | Cls 0.5126 | LM 0.6824
11:57:57 | Ep 6 | Step 1800/18112 | Loss 0.6061 | Cls 0.3797 | LM 0.7546
12:00:22 | Ep 6 | Step 2000/18112 | Loss 0.6268 | Cls 0.4032 | LM 0.7453
12:02:47 | Ep 6 | Step 2200/18112 | Loss 0.6088 | Cls 0.3396 | LM 0.8973
12:05:12 | Ep 6 | Step 2400/18112 | Loss 0.8315 | Cls 0.5904 | LM 0.8036
12:07:37 | Ep 6 | Step 2600/18112 | Loss 0.5373 | Cls 0.2929 | LM 0.8147
12:10:02 | Ep 6 | Step 2800/18112 | Loss 0.7845 | Cls 0.5729 | LM 0.7054
12:12:27 | Ep 6 | Step 3000/18112 | Loss 0.6693 | Cls 0.4242 | LM 0.8172
12:14:52 | Ep 6 | Step 3200/18112 | Loss 0.7074 | Cls 0.5082 | LM 0.6642
12:17:17 | Ep 6 | Step 3400/18112 | Loss 0.5509 | Cls 0.4169 | LM 0.4466
12:19:42 | Ep 6 | Step 3600/18112 | Loss 1.0499 | Cls 0.8299 | LM 0.7333
12:22:07 | Ep 6 | Step 3800/18112 | Loss 0.8034 | Cls 0.5909 | LM 0.7083
12:24:32 | Ep 6 | Step 4000/18112 | Loss 0.6296 | Cls 0.4128 | LM 0.7226
12:26:57 | Ep 6 | Step 4200/18112 | Loss 0.5885 | Cls 0.4112 | LM 0.5909
12:29:22 | Ep 6 | Step 4400/18112 | Loss 0.6541 | Cls 0.4844 | LM 0.5656
12:31:48 | Ep 6 | Step 4600/18112 | Loss 0.7537 | Cls 0.4971 | LM 0.8552
12:34:13 | Ep 6 | Step 4800/18112 | Loss 0.7127 | Cls 0.5165 | LM 0.6539
12:36:37 | Ep 6 | Step 5000/18112 | Loss 0.7003 | Cls 0.5030 | LM 0.6580
12:39:02 | Ep 6 | Step 5200/18112 | Loss 0.5254 | Cls 0.3595 | LM 0.5529
12:41:28 | Ep 6 | Step 5400/18112 | Loss 0.6313 | Cls 0.3502 | LM 0.9368
12:43:53 | Ep 6 | Step 5600/18112 | Loss 0.8436 | Cls 0.6396 | LM 0.6800
12:46:18 | Ep 6 | Step 5800/18112 | Loss 0.6057 | Cls 0.3707 | LM 0.7835
12:48:43 | Ep 6 | Step 6000/18112 | Loss 0.6919 | Cls 0.4781 | LM 0.7126
12:51:08 | Ep 6 | Step 6200/18112 | Loss 0.7151 | Cls 0.6857 | LM 0.0979
12:53:33 | Ep 6 | Step 6400/18112 | Loss 0.7053 | Cls 0.4974 | LM 0.6933
12:55:58 | Ep 6 | Step 6600/18112 | Loss 0.7462 | Cls 0.4840 | LM 0.8743
12:58:23 | Ep 6 | Step 6800/18112 | Loss 0.6134 | Cls 0.4406 | LM 0.5761
13:00:48 | Ep 6 | Step 7000/18112 | Loss 0.6792 | Cls 0.5211 | LM 0.5269
13:03:13 | Ep 6 | Step 7200/18112 | Loss 0.7831 | Cls 0.6091 | LM 0.5801
13:05:38 | Ep 6 | Step 7400/18112 | Loss 0.6987 | Cls 0.4898 | LM 0.6963
13:08:03 | Ep 6 | Step 7600/18112 | Loss 0.6483 | Cls 0.4395 | LM 0.6960
13:10:28 | Ep 6 | Step 7800/18112 | Loss 1.2009 | Cls 0.9542 | LM 0.8223
13:12:53 | Ep 6 | Step 8000/18112 | Loss 0.5361 | Cls 0.3535 | LM 0.6085
13:15:18 | Ep 6 | Step 8200/18112 | Loss 0.6829 | Cls 0.4542 | LM 0.7622
13:17:43 | Ep 6 | Step 8400/18112 | Loss 0.5180 | Cls 0.3101 | LM 0.6930
13:20:08 | Ep 6 | Step 8600/18112 | Loss 0.6368 | Cls 0.4075 | LM 0.7644
13:22:33 | Ep 6 | Step 8800/18112 | Loss 0.5315 | Cls 0.3108 | LM 0.7356
13:24:58 | Ep 6 | Step 9000/18112 | Loss 0.7899 | Cls 0.5852 | LM 0.6824
13:27:23 | Ep 6 | Step 9200/18112 | Loss 0.4934 | Cls 0.3217 | LM 0.5725
13:29:49 | Ep 6 | Step 9400/18112 | Loss 0.5381 | Cls 0.3554 | LM 0.6093
13:32:14 | Ep 6 | Step 9600/18112 | Loss 0.6727 | Cls 0.4449 | LM 0.7592
13:34:39 | Ep 6 | Step 9800/18112 | Loss 0.6064 | Cls 0.4397 | LM 0.5556
13:37:04 | Ep 6 | Step 10000/18112 | Loss 0.7182 | Cls 0.5120 | LM 0.6874
13:39:29 | Ep 6 | Step 10200/18112 | Loss 0.6003 | Cls 0.4363 | LM 0.5468
13:41:54 | Ep 6 | Step 10400/18112 | Loss 0.5795 | Cls 0.3874 | LM 0.6404
13:44:19 | Ep 6 | Step 10600/18112 | Loss 0.3606 | Cls 0.3364 | LM 0.0806
13:46:44 | Ep 6 | Step 10800/18112 | Loss 0.9288 | Cls 0.7120 | LM 0.7226
13:49:09 | Ep 6 | Step 11000/18112 | Loss 0.7274 | Cls 0.5516 | LM 0.5858
13:51:34 | Ep 6 | Step 11200/18112 | Loss 0.5708 | Cls 0.3386 | LM 0.7738
13:53:59 | Ep 6 | Step 11400/18112 | Loss 0.5953 | Cls 0.4216 | LM 0.5793
13:56:24 | Ep 6 | Step 11600/18112 | Loss 0.8061 | Cls 0.5796 | LM 0.7549
13:58:49 | Ep 6 | Step 11800/18112 | Loss 0.5142 | Cls 0.4849 | LM 0.0977
14:01:14 | Ep 6 | Step 12000/18112 | Loss 0.6066 | Cls 0.4001 | LM 0.6885
14:03:39 | Ep 6 | Step 12200/18112 | Loss 0.3981 | Cls 0.2475 | LM 0.5019
14:06:04 | Ep 6 | Step 12400/18112 | Loss 0.8503 | Cls 0.6523 | LM 0.6601
14:08:29 | Ep 6 | Step 12600/18112 | Loss 0.5296 | Cls 0.3778 | LM 0.5060
14:10:54 | Ep 6 | Step 12800/18112 | Loss 0.5956 | Cls 0.3883 | LM 0.6910
14:13:19 | Ep 6 | Step 13000/18112 | Loss 0.7036 | Cls 0.4185 | LM 0.9501
14:15:44 | Ep 6 | Step 13200/18112 | Loss 0.7130 | Cls 0.5079 | LM 0.6837
14:18:11 | Ep 6 | Step 13400/18112 | Loss 0.6081 | Cls 0.4034 | LM 0.6823
14:20:40 | Ep 6 | Step 13600/18112 | Loss 0.7094 | Cls 0.5588 | LM 0.5020
14:23:10 | Ep 6 | Step 13800/18112 | Loss 0.9101 | Cls 0.7254 | LM 0.6157
14:25:38 | Ep 6 | Step 14000/18112 | Loss 0.5807 | Cls 0.4242 | LM 0.5219
14:28:06 | Ep 6 | Step 14200/18112 | Loss 0.7064 | Cls 0.4878 | LM 0.7287
14:30:34 | Ep 6 | Step 14400/18112 | Loss 0.6590 | Cls 0.4845 | LM 0.5819
14:33:00 | Ep 6 | Step 14600/18112 | Loss 0.6260 | Cls 0.4115 | LM 0.7153
14:35:28 | Ep 6 | Step 14800/18112 | Loss 0.5106 | Cls 0.3820 | LM 0.4286
14:37:55 | Ep 6 | Step 15000/18112 | Loss 0.8223 | Cls 0.6266 | LM 0.6522
14:40:23 | Ep 6 | Step 15200/18112 | Loss 0.5788 | Cls 0.3674 | LM 0.7045
13:37:56 | Device: cuda
13:37:56 | GPU   : NVIDIA RTX A5000
13:37:56 | VRAM  : 25.8 GB
13:37:56 | Loading data ...
13:39:40 | Building model ...
13:39:48 | Optimizer groups: LoRA=392 tensors, custom=20 tensors
13:39:53 | Resumed from epoch 5, best AUC=0.9314
13:39:53 | ======================================================================
13:39:53 |   batch_size=8  grad_accum=4  eff_batch=32
13:39:53 |   lm_seq_len=192  lm_loss_weight=0.3
13:39:53 |   epochs_cls=3  epochs_joint=5
13:39:53 |   lr=5e-05  lora_rank=64
13:39:53 |   steps/epoch=18112  total_steps=144896
13:39:53 |   logs → ./runs/intern_exp2\logs
13:39:53 | ======================================================================
13:39:53 |   Ep    Stage   TrLoss   TrAcc   VaLoss   VaAcc   VaAUC  Best
13:39:53 | ======================================================================
14:03:40 | Ep 6 | Step 0/18112 | Loss 0.7229 | Cls 0.5600 | LM 0.5428
14:06:03 | Ep 6 | Step 200/18112 | Loss 0.6825 | Cls 0.4748 | LM 0.6924
14:08:27 | Ep 6 | Step 400/18112 | Loss 0.7342 | Cls 0.5143 | LM 0.7331
14:10:52 | Ep 6 | Step 600/18112 | Loss 0.7268 | Cls 0.5341 | LM 0.6425
14:13:16 | Ep 6 | Step 800/18112 | Loss 0.7809 | Cls 0.5582 | LM 0.7423
14:15:41 | Ep 6 | Step 1000/18112 | Loss 0.6040 | Cls 0.4077 | LM 0.6543
14:18:05 | Ep 6 | Step 1200/18112 | Loss 0.9712 | Cls 0.7258 | LM 0.8180
14:20:29 | Ep 6 | Step 1400/18112 | Loss 0.8729 | Cls 0.6645 | LM 0.6947
14:22:54 | Ep 6 | Step 1600/18112 | Loss 0.8743 | Cls 0.6529 | LM 0.7378
14:25:18 | Ep 6 | Step 1800/18112 | Loss 0.9363 | Cls 0.7081 | LM 0.7607
14:27:43 | Ep 6 | Step 2000/18112 | Loss 0.7139 | Cls 0.6856 | LM 0.0944
14:30:07 | Ep 6 | Step 2200/18112 | Loss 0.4563 | Cls 0.4300 | LM 0.0878
14:32:32 | Ep 6 | Step 2400/18112 | Loss 0.7481 | Cls 0.4819 | LM 0.8875
14:34:56 | Ep 6 | Step 2600/18112 | Loss 0.7436 | Cls 0.5100 | LM 0.7789
14:37:21 | Ep 6 | Step 2800/18112 | Loss 0.9209 | Cls 0.7134 | LM 0.6917
14:39:45 | Ep 6 | Step 3000/18112 | Loss 0.4962 | Cls 0.3030 | LM 0.6440
14:42:10 | Ep 6 | Step 3200/18112 | Loss 0.5876 | Cls 0.5621 | LM 0.0850
14:44:34 | Ep 6 | Step 3400/18112 | Loss 0.6062 | Cls 0.4416 | LM 0.5486
14:46:59 | Ep 6 | Step 3600/18112 | Loss 0.7992 | Cls 0.6298 | LM 0.5648
14:49:23 | Ep 6 | Step 3800/18112 | Loss 0.6839 | Cls 0.4769 | LM 0.6899
14:51:48 | Ep 6 | Step 4000/18112 | Loss 0.6713 | Cls 0.4615 | LM 0.6993
14:54:12 | Ep 6 | Step 4200/18112 | Loss 0.6671 | Cls 0.4560 | LM 0.7035
14:56:37 | Ep 6 | Step 4400/18112 | Loss 0.5693 | Cls 0.4032 | LM 0.5536
14:59:01 | Ep 6 | Step 4600/18112 | Loss 0.5547 | Cls 0.3397 | LM 0.7166
15:01:26 | Ep 6 | Step 4800/18112 | Loss 0.5021 | Cls 0.2962 | LM 0.6863
15:03:50 | Ep 6 | Step 5000/18112 | Loss 0.6301 | Cls 0.3778 | LM 0.8411
15:06:15 | Ep 6 | Step 5200/18112 | Loss 0.5190 | Cls 0.3405 | LM 0.5951
15:08:40 | Ep 6 | Step 5400/18112 | Loss 0.5346 | Cls 0.3066 | LM 0.7598
15:11:06 | Ep 6 | Step 5600/18112 | Loss 0.6704 | Cls 0.4521 | LM 0.7275
15:13:35 | Ep 6 | Step 5800/18112 | Loss 0.6709 | Cls 0.4154 | LM 0.8518
15:16:02 | Ep 6 | Step 6000/18112 | Loss 0.7255 | Cls 0.5181 | LM 0.6915
15:18:30 | Ep 6 | Step 6200/18112 | Loss 0.6464 | Cls 0.6134 | LM 0.1099
15:24:12 | Ep 6 | Step 6400/18112 | Loss 0.7731 | Cls 0.7281 | LM 0.1498
15:26:39 | Ep 6 | Step 6600/18112 | Loss 0.8375 | Cls 0.6063 | LM 0.7708
15:29:07 | Ep 6 | Step 6800/18112 | Loss 0.6896 | Cls 0.4830 | LM 0.6885
15:31:34 | Ep 6 | Step 7000/18112 | Loss 0.7629 | Cls 0.5597 | LM 0.6773
15:34:01 | Ep 6 | Step 7200/18112 | Loss 0.4730 | Cls 0.4505 | LM 0.0751
15:36:30 | Ep 6 | Step 7400/18112 | Loss 0.7894 | Cls 0.5943 | LM 0.6505
15:38:57 | Ep 6 | Step 7600/18112 | Loss 0.5073 | Cls 0.2370 | LM 0.9011
15:41:25 | Ep 6 | Step 7800/18112 | Loss 0.4721 | Cls 0.4484 | LM 0.0792
15:43:51 | Ep 6 | Step 8000/18112 | Loss 0.6643 | Cls 0.4728 | LM 0.6382
15:46:18 | Ep 6 | Step 8200/18112 | Loss 0.8192 | Cls 0.5797 | LM 0.7984
15:48:45 | Ep 6 | Step 8400/18112 | Loss 0.4602 | Cls 0.2996 | LM 0.5355
15:51:12 | Ep 6 | Step 8600/18112 | Loss 0.8050 | Cls 0.6270 | LM 0.5935
15:53:40 | Ep 6 | Step 8800/18112 | Loss 0.8321 | Cls 0.6512 | LM 0.6029
15:56:10 | Ep 6 | Step 9000/18112 | Loss 0.6288 | Cls 0.4918 | LM 0.4568
15:58:38 | Ep 6 | Step 9200/18112 | Loss 0.7151 | Cls 0.4985 | LM 0.7219
16:01:05 | Ep 6 | Step 9400/18112 | Loss 0.5629 | Cls 0.3963 | LM 0.5554
16:03:32 | Ep 6 | Step 9600/18112 | Loss 0.5263 | Cls 0.3103 | LM 0.7203
16:06:00 | Ep 6 | Step 9800/18112 | Loss 0.6272 | Cls 0.3891 | LM 0.7935
16:08:28 | Ep 6 | Step 10000/18112 | Loss 0.9984 | Cls 0.8276 | LM 0.5692
16:10:56 | Ep 6 | Step 10200/18112 | Loss 0.6051 | Cls 0.4888 | LM 0.3875
16:13:23 | Ep 6 | Step 10400/18112 | Loss 0.6629 | Cls 0.4614 | LM 0.6717
16:15:51 | Ep 6 | Step 10600/18112 | Loss 0.7426 | Cls 0.5392 | LM 0.6779
16:18:17 | Ep 6 | Step 10800/18112 | Loss 0.6561 | Cls 0.4680 | LM 0.6270
16:20:43 | Ep 6 | Step 11000/18112 | Loss 0.7082 | Cls 0.5207 | LM 0.6250
16:23:09 | Ep 6 | Step 11200/18112 | Loss 0.4380 | Cls 0.4114 | LM 0.0888
16:25:33 | Ep 6 | Step 11400/18112 | Loss 0.7325 | Cls 0.5171 | LM 0.7183
16:27:58 | Ep 6 | Step 11600/18112 | Loss 0.5873 | Cls 0.4272 | LM 0.5337
16:30:23 | Ep 6 | Step 11800/18112 | Loss 0.5791 | Cls 0.3788 | LM 0.6679
16:32:48 | Ep 6 | Step 12000/18112 | Loss 0.8211 | Cls 0.6175 | LM 0.6786
16:35:14 | Ep 6 | Step 12200/18112 | Loss 1.0885 | Cls 0.8628 | LM 0.7525
16:37:40 | Ep 6 | Step 12400/18112 | Loss 0.6944 | Cls 0.4802 | LM 0.7137
16:40:05 | Ep 6 | Step 12600/18112 | Loss 0.5201 | Cls 0.4651 | LM 0.1833
16:42:31 | Ep 6 | Step 12800/18112 | Loss 0.7926 | Cls 0.5972 | LM 0.6515
16:44:57 | Ep 6 | Step 13000/18112 | Loss 0.6829 | Cls 0.4244 | LM 0.8616
16:47:22 | Ep 6 | Step 13200/18112 | Loss 0.5846 | Cls 0.3824 | LM 0.6738
16:49:48 | Ep 6 | Step 13400/18112 | Loss 0.7839 | Cls 0.5854 | LM 0.6616
16:52:13 | Ep 6 | Step 13600/18112 | Loss 0.6346 | Cls 0.4477 | LM 0.6230
16:54:38 | Ep 6 | Step 13800/18112 | Loss 0.7512 | Cls 0.5387 | LM 0.7082
16:57:04 | Ep 6 | Step 14000/18112 | Loss 0.4863 | Cls 0.3482 | LM 0.4603
16:59:30 | Ep 6 | Step 14200/18112 | Loss 0.6049 | Cls 0.3610 | LM 0.8130
17:01:56 | Ep 6 | Step 14400/18112 | Loss 0.5838 | Cls 0.3888 | LM 0.6502
17:04:22 | Ep 6 | Step 14600/18112 | Loss 0.5877 | Cls 0.3626 | LM 0.7503
17:06:47 | Ep 6 | Step 14800/18112 | Loss 0.3966 | Cls 0.3788 | LM 0.0593
17:09:13 | Ep 6 | Step 15000/18112 | Loss 0.6686 | Cls 0.4531 | LM 0.7184
17:11:39 | Ep 6 | Step 15200/18112 | Loss 0.4572 | Cls 0.2502 | LM 0.6901
17:14:04 | Ep 6 | Step 15400/18112 | Loss 0.5125 | Cls 0.4898 | LM 0.0756
17:16:30 | Ep 6 | Step 15600/18112 | Loss 0.5903 | Cls 0.3858 | LM 0.6818
17:18:55 | Ep 6 | Step 15800/18112 | Loss 0.6342 | Cls 0.4072 | LM 0.7569
17:21:21 | Ep 6 | Step 16000/18112 | Loss 0.5584 | Cls 0.3627 | LM 0.6524
17:23:46 | Ep 6 | Step 16200/18112 | Loss 0.7028 | Cls 0.5018 | LM 0.6699
17:26:11 | Ep 6 | Step 16400/18112 | Loss 0.6382 | Cls 0.4436 | LM 0.6487
17:28:37 | Ep 6 | Step 16600/18112 | Loss 0.9482 | Cls 0.7185 | LM 0.7656
17:31:02 | Ep 6 | Step 16800/18112 | Loss 0.6800 | Cls 0.4466 | LM 0.7778
17:33:28 | Ep 6 | Step 17000/18112 | Loss 0.6379 | Cls 0.4178 | LM 0.7336
17:35:53 | Ep 6 | Step 17200/18112 | Loss 0.6648 | Cls 0.5164 | LM 0.4948
17:38:18 | Ep 6 | Step 17400/18112 | Loss 0.5696 | Cls 0.3847 | LM 0.6163
17:40:44 | Ep 6 | Step 17600/18112 | Loss 0.7847 | Cls 0.5547 | LM 0.7666
17:43:10 | Ep 6 | Step 17800/18112 | Loss 0.6423 | Cls 0.4234 | LM 0.7296
17:45:36 | Ep 6 | Step 18000/18112 | Loss 0.4484 | Cls 0.2943 | LM 0.5138
17:54:23 |    6    joint   0.6752  0.7992   0.5215  0.7880  0.9314      
17:54:32 |   Saved: ./runs/intern_exp2\checkpoints\ep006.pth
10:55:31 | Device: cuda
10:55:31 | GPU   : NVIDIA RTX A5000
10:55:31 | VRAM  : 25.8 GB
10:55:31 | Loading data ...
10:57:17 | Building model ...
10:57:22 | Optimizer groups: LoRA=392 tensors, custom=20 tensors
10:57:27 | Resumed from epoch 6, best AUC=0.9314
10:57:27 | ======================================================================
10:57:27 |   batch_size=8  grad_accum=4  eff_batch=32
10:57:27 |   lm_seq_len=192  lm_loss_weight=0.3
10:57:27 |   epochs_cls=3  epochs_joint=5
10:57:27 |   lr=5e-05  lora_rank=64
10:57:27 |   steps/epoch=18112  total_steps=144896
10:57:27 |   logs → ./runs/intern_exp2\logs
10:57:27 | ======================================================================
10:57:27 |   Ep    Stage   TrLoss   TrAcc   VaLoss   VaAcc   VaAUC  Best
10:57:27 | ======================================================================
11:25:38 | Ep 7 | Step 0/18112 | Loss 0.6568 | Cls 0.4717 | LM 0.6169
11:28:01 | Ep 7 | Step 200/18112 | Loss 0.8197 | Cls 0.6201 | LM 0.6655
11:30:26 | Ep 7 | Step 400/18112 | Loss 0.7312 | Cls 0.4946 | LM 0.7886
11:32:50 | Ep 7 | Step 600/18112 | Loss 0.7067 | Cls 0.4632 | LM 0.8114
11:35:15 | Ep 7 | Step 800/18112 | Loss 0.6414 | Cls 0.4078 | LM 0.7787
11:37:40 | Ep 7 | Step 1000/18112 | Loss 0.4534 | Cls 0.4197 | LM 0.1124
11:40:05 | Ep 7 | Step 1200/18112 | Loss 0.3135 | Cls 0.2984 | LM 0.0503
11:42:31 | Ep 7 | Step 1400/18112 | Loss 0.5830 | Cls 0.5536 | LM 0.0979
11:44:58 | Ep 7 | Step 1600/18112 | Loss 0.5882 | Cls 0.4132 | LM 0.5836
11:47:25 | Ep 7 | Step 1800/18112 | Loss 0.5789 | Cls 0.3605 | LM 0.7280
11:49:52 | Ep 7 | Step 2000/18112 | Loss 0.7567 | Cls 0.5690 | LM 0.6257
11:52:19 | Ep 7 | Step 2200/18112 | Loss 0.6515 | Cls 0.5032 | LM 0.4944
11:54:46 | Ep 7 | Step 2400/18112 | Loss 0.8202 | Cls 0.5829 | LM 0.7910
11:57:13 | Ep 7 | Step 2600/18112 | Loss 0.5665 | Cls 0.3703 | LM 0.6540
11:59:40 | Ep 7 | Step 2800/18112 | Loss 0.7128 | Cls 0.5053 | LM 0.6914
12:02:07 | Ep 7 | Step 3000/18112 | Loss 0.6940 | Cls 0.5677 | LM 0.4209
12:04:34 | Ep 7 | Step 3200/18112 | Loss 0.9519 | Cls 0.7044 | LM 0.8248
12:07:01 | Ep 7 | Step 3400/18112 | Loss 1.0145 | Cls 0.7177 | LM 0.9891
12:09:28 | Ep 7 | Step 3600/18112 | Loss 0.7287 | Cls 0.5225 | LM 0.6872
12:11:55 | Ep 7 | Step 3800/18112 | Loss 0.9636 | Cls 0.7407 | LM 0.7430
12:14:22 | Ep 7 | Step 4000/18112 | Loss 0.5754 | Cls 0.3884 | LM 0.6231
12:16:49 | Ep 7 | Step 4200/18112 | Loss 0.9354 | Cls 0.7253 | LM 0.7001
12:19:14 | Ep 7 | Step 4400/18112 | Loss 0.7559 | Cls 0.5882 | LM 0.5590
12:21:39 | Ep 7 | Step 4600/18112 | Loss 0.6065 | Cls 0.3886 | LM 0.7263
12:24:03 | Ep 7 | Step 4800/18112 | Loss 0.6672 | Cls 0.4663 | LM 0.6697
12:26:28 | Ep 7 | Step 5000/18112 | Loss 0.6378 | Cls 0.4442 | LM 0.6454
12:28:53 | Ep 7 | Step 5200/18112 | Loss 0.8237 | Cls 0.6520 | LM 0.5724
12:31:18 | Ep 7 | Step 5400/18112 | Loss 0.8075 | Cls 0.5935 | LM 0.7135
12:33:43 | Ep 7 | Step 5600/18112 | Loss 0.5683 | Cls 0.4487 | LM 0.3986
12:36:08 | Ep 7 | Step 5800/18112 | Loss 0.7620 | Cls 0.5994 | LM 0.5418
12:38:33 | Ep 7 | Step 6000/18112 | Loss 0.8617 | Cls 0.6466 | LM 0.7170
12:40:58 | Ep 7 | Step 6200/18112 | Loss 0.6719 | Cls 0.5238 | LM 0.4939
12:43:26 | Ep 7 | Step 6400/18112 | Loss 0.8347 | Cls 0.6684 | LM 0.5542
12:45:53 | Ep 7 | Step 6600/18112 | Loss 0.8163 | Cls 0.6438 | LM 0.5750
12:48:20 | Ep 7 | Step 6800/18112 | Loss 0.6049 | Cls 0.4518 | LM 0.5104
12:50:47 | Ep 7 | Step 7000/18112 | Loss 0.7249 | Cls 0.5379 | LM 0.6236
12:53:22 | Ep 7 | Step 7200/18112 | Loss 0.5420 | Cls 0.3536 | LM 0.6278
12:55:58 | Ep 7 | Step 7400/18112 | Loss 0.9390 | Cls 0.7252 | LM 0.7128
12:58:33 | Ep 7 | Step 7600/18112 | Loss 0.7459 | Cls 0.5813 | LM 0.5486
13:01:06 | Ep 7 | Step 7800/18112 | Loss 0.6047 | Cls 0.4107 | LM 0.6468
13:03:41 | Ep 7 | Step 8000/18112 | Loss 0.6817 | Cls 0.4686 | LM 0.7106
13:06:16 | Ep 7 | Step 8200/18112 | Loss 0.4169 | Cls 0.2895 | LM 0.4247
13:08:50 | Ep 7 | Step 8400/18112 | Loss 0.8315 | Cls 0.6574 | LM 0.5802
13:11:23 | Ep 7 | Step 8600/18112 | Loss 0.7218 | Cls 0.5085 | LM 0.7110
13:13:58 | Ep 7 | Step 8800/18112 | Loss 0.7569 | Cls 0.5868 | LM 0.5668
13:16:33 | Ep 7 | Step 9000/18112 | Loss 0.4460 | Cls 0.4200 | LM 0.0867
13:19:09 | Ep 7 | Step 9200/18112 | Loss 0.8544 | Cls 0.8110 | LM 0.1445
13:21:48 | Ep 7 | Step 9400/18112 | Loss 0.7732 | Cls 0.5543 | LM 0.7297
13:24:25 | Ep 7 | Step 9600/18112 | Loss 0.5808 | Cls 0.3598 | LM 0.7368
13:27:00 | Ep 7 | Step 9800/18112 | Loss 0.6635 | Cls 0.5210 | LM 0.4751
13:29:35 | Ep 7 | Step 10000/18112 | Loss 0.5544 | Cls 0.3993 | LM 0.5169
13:32:11 | Ep 7 | Step 10200/18112 | Loss 0.9478 | Cls 0.8962 | LM 0.1720
13:34:45 | Ep 7 | Step 10400/18112 | Loss 0.8724 | Cls 0.6844 | LM 0.6266
13:37:20 | Ep 7 | Step 10600/18112 | Loss 0.6080 | Cls 0.3192 | LM 0.9626
13:39:54 | Ep 7 | Step 10800/18112 | Loss 0.4450 | Cls 0.3369 | LM 0.3601
13:42:26 | Ep 7 | Step 11000/18112 | Loss 0.8441 | Cls 0.6377 | LM 0.6879
13:45:00 | Ep 7 | Step 11200/18112 | Loss 0.8121 | Cls 0.6323 | LM 0.5992
13:47:35 | Ep 7 | Step 11400/18112 | Loss 0.6217 | Cls 0.3771 | LM 0.8154
13:50:08 | Ep 7 | Step 11600/18112 | Loss 0.7389 | Cls 0.5742 | LM 0.5488
13:52:41 | Ep 7 | Step 11800/18112 | Loss 0.5267 | Cls 0.3393 | LM 0.6250
13:55:13 | Ep 7 | Step 12000/18112 | Loss 0.9131 | Cls 0.6617 | LM 0.8382
13:57:46 | Ep 7 | Step 12200/18112 | Loss 0.4950 | Cls 0.3256 | LM 0.5646
14:00:19 | Ep 7 | Step 12400/18112 | Loss 0.5247 | Cls 0.3279 | LM 0.6559
14:02:52 | Ep 7 | Step 12600/18112 | Loss 0.3874 | Cls 0.3595 | LM 0.0929
14:05:25 | Ep 7 | Step 12800/18112 | Loss 0.6158 | Cls 0.4360 | LM 0.5994
14:07:59 | Ep 7 | Step 13000/18112 | Loss 0.8087 | Cls 0.6207 | LM 0.6268
14:10:32 | Ep 7 | Step 13200/18112 | Loss 0.6550 | Cls 0.4300 | LM 0.7499
14:13:05 | Ep 7 | Step 13400/18112 | Loss 0.4999 | Cls 0.3319 | LM 0.5600
14:15:38 | Ep 7 | Step 13600/18112 | Loss 0.6576 | Cls 0.5058 | LM 0.5060
14:18:12 | Ep 7 | Step 13800/18112 | Loss 0.6977 | Cls 0.5493 | LM 0.4945
14:20:45 | Ep 7 | Step 14000/18112 | Loss 0.5672 | Cls 0.3663 | LM 0.6698
14:23:18 | Ep 7 | Step 14200/18112 | Loss 0.4638 | Cls 0.3077 | LM 0.5203
14:25:51 | Ep 7 | Step 14400/18112 | Loss 0.6201 | Cls 0.4244 | LM 0.6523
14:28:25 | Ep 7 | Step 14600/18112 | Loss 0.7811 | Cls 0.5664 | LM 0.7157
14:30:58 | Ep 7 | Step 14800/18112 | Loss 0.4941 | Cls 0.3086 | LM 0.6183
14:33:32 | Ep 7 | Step 15000/18112 | Loss 0.6631 | Cls 0.4961 | LM 0.5566
14:36:05 | Ep 7 | Step 15200/18112 | Loss 0.4800 | Cls 0.3475 | LM 0.4416
14:38:38 | Ep 7 | Step 15400/18112 | Loss 0.6324 | Cls 0.4037 | LM 0.7625
14:41:11 | Ep 7 | Step 15600/18112 | Loss 0.6295 | Cls 0.4354 | LM 0.6467
14:43:43 | Ep 7 | Step 15800/18112 | Loss 0.7121 | Cls 0.5664 | LM 0.4855
14:46:16 | Ep 7 | Step 16000/18112 | Loss 0.4922 | Cls 0.3491 | LM 0.4770
14:48:48 | Ep 7 | Step 16200/18112 | Loss 0.5510 | Cls 0.3214 | LM 0.7653
14:51:20 | Ep 7 | Step 16400/18112 | Loss 0.9571 | Cls 0.8014 | LM 0.5192
14:53:53 | Ep 7 | Step 16600/18112 | Loss 0.6976 | Cls 0.4879 | LM 0.6993
14:56:27 | Ep 7 | Step 16800/18112 | Loss 0.7480 | Cls 0.5022 | LM 0.8195
14:59:00 | Ep 7 | Step 17000/18112 | Loss 1.0401 | Cls 0.8386 | LM 0.6719
15:01:33 | Ep 7 | Step 17200/18112 | Loss 0.7412 | Cls 0.5478 | LM 0.6446
15:04:07 | Ep 7 | Step 17400/18112 | Loss 0.7778 | Cls 0.5521 | LM 0.7523
15:06:40 | Ep 7 | Step 17600/18112 | Loss 0.5811 | Cls 0.5457 | LM 0.1178
15:09:13 | Ep 7 | Step 17800/18112 | Loss 0.7085 | Cls 0.5816 | LM 0.4227
15:11:46 | Ep 7 | Step 18000/18112 | Loss 0.7621 | Cls 0.5305 | LM 0.7718
15:21:09 |    7    joint   0.6530  0.8059   0.5248  0.7937  0.9354     *
10:46:59 | Device: cuda
10:46:59 | GPU   : NVIDIA RTX A5000
10:46:59 | VRAM  : 25.8 GB
10:46:59 | Loading data ...
10:48:47 | Building model ...
10:48:56 | Optimizer groups: LoRA=392 tensors, custom=20 tensors
10:49:01 | Resumed from epoch 6, best AUC=0.9314
10:49:01 | ======================================================================
10:49:01 |   batch_size=8  grad_accum=4  eff_batch=32
10:49:01 |   lm_seq_len=192  lm_loss_weight=0.3
10:49:01 |   epochs_cls=3  epochs_joint=7
10:49:01 |   lr=5e-05  lora_rank=64
10:49:01 |   steps/epoch=18112  total_steps=181120
10:49:01 |   logs → ./runs/intern_exp2\logs
10:49:01 | ======================================================================
10:49:01 |   Ep    Stage   TrLoss   TrAcc   VaLoss   VaAcc   VaAUC  Best
10:49:01 | ======================================================================
11:13:35 | Ep 7 | Step 0/18112 | Loss 0.5415 | Cls 0.4087 | LM 0.4426
11:18:41 | Device: cuda
11:18:41 | GPU   : NVIDIA RTX A5000
11:18:41 | VRAM  : 25.8 GB
11:18:41 | Loading data ...
11:20:22 | Building model ...
11:20:28 | Optimizer groups: LoRA=392 tensors, custom=20 tensors
11:20:30 | Resumed from epoch 6, best AUC=0.9314
11:20:30 | ======================================================================
11:20:30 |   batch_size=8  grad_accum=4  eff_batch=32
11:20:30 |   lm_seq_len=192  lm_loss_weight=0.3
11:20:30 |   epochs_cls=3  epochs_joint=7
11:20:30 |   lr=5e-05  lora_rank=64
11:20:30 |   steps/epoch=18112  total_steps=181120
11:20:30 |   logs → ./runs/intern_exp2\logs
11:20:30 | ======================================================================
11:20:30 |   Ep    Stage   TrLoss   TrAcc   VaLoss   VaAcc   VaAUC  Best
11:20:30 | ======================================================================
11:48:40 | Ep 7 | Step 0/18112 | Loss 0.6620 | Cls 0.4103 | LM 0.8387
11:51:04 | Ep 7 | Step 200/18112 | Loss 0.6719 | Cls 0.4865 | LM 0.6179
11:53:31 | Ep 7 | Step 400/18112 | Loss 0.5884 | Cls 0.3844 | LM 0.6801
11:55:57 | Ep 7 | Step 600/18112 | Loss 0.7771 | Cls 0.5927 | LM 0.6146
11:58:23 | Ep 7 | Step 800/18112 | Loss 0.8186 | Cls 0.6286 | LM 0.6334
12:00:49 | Ep 7 | Step 1000/18112 | Loss 0.7365 | Cls 0.5198 | LM 0.7224
12:03:15 | Ep 7 | Step 1200/18112 | Loss 1.0408 | Cls 0.8675 | LM 0.5775
12:05:42 | Ep 7 | Step 1400/18112 | Loss 0.8878 | Cls 0.6824 | LM 0.6845
12:08:08 | Ep 7 | Step 1600/18112 | Loss 0.8104 | Cls 0.5988 | LM 0.7053
12:10:34 | Ep 7 | Step 1800/18112 | Loss 0.6012 | Cls 0.4071 | LM 0.6470
12:13:00 | Ep 7 | Step 2000/18112 | Loss 0.6234 | Cls 0.4360 | LM 0.6246
12:15:26 | Ep 7 | Step 2200/18112 | Loss 0.4620 | Cls 0.3290 | LM 0.4436
12:17:52 | Ep 7 | Step 2400/18112 | Loss 0.7369 | Cls 0.5386 | LM 0.6611
12:20:18 | Ep 7 | Step 2600/18112 | Loss 0.6412 | Cls 0.4421 | LM 0.6637
12:22:43 | Ep 7 | Step 2800/18112 | Loss 0.6998 | Cls 0.4966 | LM 0.6774
12:25:09 | Ep 7 | Step 3000/18112 | Loss 0.5073 | Cls 0.3134 | LM 0.6463
12:27:34 | Ep 7 | Step 3200/18112 | Loss 0.5401 | Cls 0.3810 | LM 0.5302
12:30:00 | Ep 7 | Step 3400/18112 | Loss 0.5512 | Cls 0.4473 | LM 0.3462
12:32:26 | Ep 7 | Step 3600/18112 | Loss 0.5991 | Cls 0.4301 | LM 0.5631
12:34:51 | Ep 7 | Step 3800/18112 | Loss 0.4964 | Cls 0.3708 | LM 0.4187
12:37:17 | Ep 7 | Step 4000/18112 | Loss 0.5589 | Cls 0.3749 | LM 0.6133
12:39:42 | Ep 7 | Step 4200/18112 | Loss 0.6890 | Cls 0.5231 | LM 0.5530
12:42:08 | Ep 7 | Step 4400/18112 | Loss 0.4734 | Cls 0.3318 | LM 0.4723
12:44:34 | Ep 7 | Step 4600/18112 | Loss 0.5863 | Cls 0.3998 | LM 0.6218
12:47:00 | Ep 7 | Step 4800/18112 | Loss 0.5406 | Cls 0.3889 | LM 0.5054
12:49:25 | Ep 7 | Step 5000/18112 | Loss 0.4342 | Cls 0.4208 | LM 0.0447
12:51:51 | Ep 7 | Step 5200/18112 | Loss 0.6205 | Cls 0.3971 | LM 0.7446
12:54:17 | Ep 7 | Step 5400/18112 | Loss 0.6607 | Cls 0.4821 | LM 0.5952
12:56:42 | Ep 7 | Step 5600/18112 | Loss 0.5951 | Cls 0.3728 | LM 0.7409
12:59:07 | Ep 7 | Step 5800/18112 | Loss 0.7742 | Cls 0.5632 | LM 0.7034
13:01:32 | Ep 7 | Step 6000/18112 | Loss 0.8247 | Cls 0.6619 | LM 0.5426
13:03:57 | Ep 7 | Step 6200/18112 | Loss 0.6393 | Cls 0.4315 | LM 0.6928
13:06:22 | Ep 7 | Step 6400/18112 | Loss 0.3858 | Cls 0.3585 | LM 0.0911
13:08:47 | Ep 7 | Step 6600/18112 | Loss 0.5482 | Cls 0.3595 | LM 0.6292
13:11:12 | Ep 7 | Step 6800/18112 | Loss 0.8513 | Cls 0.6409 | LM 0.7015
13:13:38 | Ep 7 | Step 7000/18112 | Loss 0.8479 | Cls 0.6175 | LM 0.7681
13:16:03 | Ep 7 | Step 7200/18112 | Loss 0.4975 | Cls 0.3186 | LM 0.5962
13:18:28 | Ep 7 | Step 7400/18112 | Loss 1.0255 | Cls 0.8871 | LM 0.4611
13:20:52 | Ep 7 | Step 7600/18112 | Loss 0.4981 | Cls 0.3088 | LM 0.6312
13:23:18 | Ep 7 | Step 7800/18112 | Loss 0.6577 | Cls 0.4974 | LM 0.5344
13:25:43 | Ep 7 | Step 8000/18112 | Loss 0.8122 | Cls 0.6799 | LM 0.4412
13:28:08 | Ep 7 | Step 8200/18112 | Loss 0.5887 | Cls 0.3745 | LM 0.7139
13:30:33 | Ep 7 | Step 8400/18112 | Loss 0.6531 | Cls 0.4561 | LM 0.6565
13:32:58 | Ep 7 | Step 8600/18112 | Loss 0.6134 | Cls 0.4363 | LM 0.5901
13:35:23 | Ep 7 | Step 8800/18112 | Loss 0.8341 | Cls 0.6457 | LM 0.6282
13:37:48 | Ep 7 | Step 9000/18112 | Loss 0.4514 | Cls 0.4250 | LM 0.0881
13:40:13 | Ep 7 | Step 9200/18112 | Loss 0.5556 | Cls 0.3427 | LM 0.7099
13:42:39 | Ep 7 | Step 9400/18112 | Loss 0.7892 | Cls 0.5832 | LM 0.6868
13:45:04 | Ep 7 | Step 9600/18112 | Loss 0.7948 | Cls 0.5897 | LM 0.6834
13:47:29 | Ep 7 | Step 9800/18112 | Loss 0.5614 | Cls 0.3508 | LM 0.7018
13:49:54 | Ep 7 | Step 10000/18112 | Loss 0.7175 | Cls 0.5133 | LM 0.6809
13:52:19 | Ep 7 | Step 10200/18112 | Loss 0.5967 | Cls 0.3798 | LM 0.7232
13:54:44 | Ep 7 | Step 10400/18112 | Loss 0.7221 | Cls 0.5599 | LM 0.5404
13:57:10 | Ep 7 | Step 10600/18112 | Loss 0.8980 | Cls 0.7086 | LM 0.6313
13:59:35 | Ep 7 | Step 10800/18112 | Loss 0.6532 | Cls 0.4879 | LM 0.5509
14:02:00 | Ep 7 | Step 11000/18112 | Loss 0.4493 | Cls 0.2760 | LM 0.5779
14:04:25 | Ep 7 | Step 11200/18112 | Loss 0.6297 | Cls 0.4375 | LM 0.6408
14:06:50 | Ep 7 | Step 11400/18112 | Loss 0.6192 | Cls 0.4568 | LM 0.5415
14:09:15 | Ep 7 | Step 11600/18112 | Loss 0.4631 | Cls 0.2528 | LM 0.7010
14:11:40 | Ep 7 | Step 11800/18112 | Loss 0.6005 | Cls 0.3650 | LM 0.7849
14:14:05 | Ep 7 | Step 12000/18112 | Loss 0.5465 | Cls 0.3538 | LM 0.6421
14:16:31 | Ep 7 | Step 12200/18112 | Loss 0.6435 | Cls 0.4764 | LM 0.5570
14:18:56 | Ep 7 | Step 12400/18112 | Loss 0.7886 | Cls 0.6095 | LM 0.5970
14:21:22 | Ep 7 | Step 12600/18112 | Loss 0.5646 | Cls 0.3973 | LM 0.5576
14:23:47 | Ep 7 | Step 12800/18112 | Loss 0.6603 | Cls 0.3906 | LM 0.8991
14:26:12 | Ep 7 | Step 13000/18112 | Loss 0.7114 | Cls 0.5457 | LM 0.5522
14:28:37 | Ep 7 | Step 13200/18112 | Loss 0.8397 | Cls 0.6126 | LM 0.7569
14:31:02 | Ep 7 | Step 13400/18112 | Loss 0.4974 | Cls 0.3130 | LM 0.6148
14:33:27 | Ep 7 | Step 13600/18112 | Loss 0.4663 | Cls 0.4354 | LM 0.1029
14:35:52 | Ep 7 | Step 13800/18112 | Loss 0.4126 | Cls 0.3896 | LM 0.0767
14:38:18 | Ep 7 | Step 14000/18112 | Loss 0.7612 | Cls 0.5372 | LM 0.7466
14:40:43 | Ep 7 | Step 14200/18112 | Loss 0.5557 | Cls 0.3668 | LM 0.6299
14:43:08 | Ep 7 | Step 14400/18112 | Loss 0.6243 | Cls 0.4821 | LM 0.4742
14:45:34 | Ep 7 | Step 14600/18112 | Loss 0.5479 | Cls 0.3975 | LM 0.5016
14:47:59 | Ep 7 | Step 14800/18112 | Loss 0.6475 | Cls 0.4350 | LM 0.7085
14:50:24 | Ep 7 | Step 15000/18112 | Loss 0.8000 | Cls 0.6322 | LM 0.5592
14:52:49 | Ep 7 | Step 15200/18112 | Loss 0.6447 | Cls 0.4279 | LM 0.7227
14:55:14 | Ep 7 | Step 15400/18112 | Loss 0.7501 | Cls 0.5636 | LM 0.6216
14:57:40 | Ep 7 | Step 15600/18112 | Loss 0.9737 | Cls 0.7674 | LM 0.6878
15:00:05 | Ep 7 | Step 15800/18112 | Loss 0.6244 | Cls 0.4127 | LM 0.7059
15:55:46 | Device: cuda
15:55:46 | GPU   : NVIDIA RTX A5000
15:55:46 | VRAM  : 25.8 GB
15:55:46 | Loading data ...
15:57:30 | Building model ...
15:57:39 | Optimizer groups: LoRA=392 tensors, custom=20 tensors
15:57:44 | Resumed from epoch 6, best AUC=0.9314
15:57:44 | ======================================================================
15:57:44 |   batch_size=8  grad_accum=4  eff_batch=32
15:57:44 |   lm_seq_len=192  lm_loss_weight=0.3
15:57:44 |   epochs_cls=3  epochs_joint=7
15:57:44 |   lr=5e-05  lora_rank=64
15:57:44 |   steps/epoch=18112  total_steps=181120
15:57:44 |   logs → ./runs/intern_exp2\logs
15:57:44 | ======================================================================
15:57:44 |   Ep    Stage   TrLoss   TrAcc   VaLoss   VaAcc   VaAUC  Best
15:57:44 | ======================================================================
16:22:07 | Ep 7 | Step 0/18112 | Loss 0.6173 | Cls 0.4486 | LM 0.5620
16:24:30 | Ep 7 | Step 200/18112 | Loss 0.6779 | Cls 0.4976 | LM 0.6010
16:26:54 | Ep 7 | Step 400/18112 | Loss 0.7700 | Cls 0.5914 | LM 0.5954
16:29:19 | Ep 7 | Step 600/18112 | Loss 0.6041 | Cls 0.4022 | LM 0.6730
16:31:44 | Ep 7 | Step 800/18112 | Loss 0.7307 | Cls 0.5364 | LM 0.6474
16:34:09 | Ep 7 | Step 1000/18112 | Loss 0.5781 | Cls 0.3951 | LM 0.6099
16:36:34 | Ep 7 | Step 1200/18112 | Loss 0.8746 | Cls 0.7394 | LM 0.4505
16:38:59 | Ep 7 | Step 1400/18112 | Loss 1.1067 | Cls 0.9249 | LM 0.6063
16:41:24 | Ep 7 | Step 1600/18112 | Loss 0.5867 | Cls 0.4058 | LM 0.6029
16:43:49 | Ep 7 | Step 1800/18112 | Loss 0.6364 | Cls 0.5077 | LM 0.4291
16:46:14 | Ep 7 | Step 2000/18112 | Loss 0.6626 | Cls 0.5123 | LM 0.5009
16:48:39 | Ep 7 | Step 2200/18112 | Loss 0.7931 | Cls 0.5660 | LM 0.7570
16:51:04 | Ep 7 | Step 2400/18112 | Loss 0.7099 | Cls 0.4801 | LM 0.7660
16:53:29 | Ep 7 | Step 2600/18112 | Loss 0.5743 | Cls 0.3792 | LM 0.6503
16:55:54 | Ep 7 | Step 2800/18112 | Loss 0.6428 | Cls 0.4486 | LM 0.6474
16:58:19 | Ep 7 | Step 3000/18112 | Loss 0.6037 | Cls 0.4598 | LM 0.4799
17:00:44 | Ep 7 | Step 3200/18112 | Loss 0.6642 | Cls 0.4845 | LM 0.5989
17:03:09 | Ep 7 | Step 3400/18112 | Loss 0.5404 | Cls 0.3776 | LM 0.5428
17:05:34 | Ep 7 | Step 3600/18112 | Loss 0.5421 | Cls 0.3532 | LM 0.6297
17:07:59 | Ep 7 | Step 3800/18112 | Loss 0.4512 | Cls 0.3159 | LM 0.4509
17:10:24 | Ep 7 | Step 4000/18112 | Loss 0.7716 | Cls 0.6862 | LM 0.2848
17:12:49 | Ep 7 | Step 4200/18112 | Loss 0.5614 | Cls 0.3145 | LM 0.8231
17:15:14 | Ep 7 | Step 4400/18112 | Loss 1.0065 | Cls 0.8148 | LM 0.6389
17:17:39 | Ep 7 | Step 4600/18112 | Loss 0.9970 | Cls 0.8161 | LM 0.6031
17:20:04 | Ep 7 | Step 4800/18112 | Loss 0.8160 | Cls 0.6182 | LM 0.6593
17:22:29 | Ep 7 | Step 5000/18112 | Loss 0.5215 | Cls 0.3903 | LM 0.4375
17:24:54 | Ep 7 | Step 5200/18112 | Loss 0.6411 | Cls 0.4089 | LM 0.7741
17:27:19 | Ep 7 | Step 5400/18112 | Loss 0.5832 | Cls 0.3563 | LM 0.7564
17:29:44 | Ep 7 | Step 5600/18112 | Loss 1.0112 | Cls 0.8379 | LM 0.5777
17:32:10 | Ep 7 | Step 5800/18112 | Loss 0.6783 | Cls 0.4905 | LM 0.6262
17:34:35 | Ep 7 | Step 6000/18112 | Loss 0.4294 | Cls 0.2834 | LM 0.4869
17:36:59 | Ep 7 | Step 6200/18112 | Loss 0.5424 | Cls 0.3715 | LM 0.5695
17:39:25 | Ep 7 | Step 6400/18112 | Loss 0.5792 | Cls 0.4046 | LM 0.5818
17:41:50 | Ep 7 | Step 6600/18112 | Loss 0.4608 | Cls 0.3437 | LM 0.3902
17:44:15 | Ep 7 | Step 6800/18112 | Loss 0.8968 | Cls 0.7249 | LM 0.5727
17:46:40 | Ep 7 | Step 7000/18112 | Loss 0.4371 | Cls 0.2791 | LM 0.5265
17:49:05 | Ep 7 | Step 7200/18112 | Loss 0.7926 | Cls 0.6114 | LM 0.6040
17:51:30 | Ep 7 | Step 7400/18112 | Loss 0.5826 | Cls 0.4143 | LM 0.5611
17:53:55 | Ep 7 | Step 7600/18112 | Loss 1.0142 | Cls 0.8205 | LM 0.6457
17:56:20 | Ep 7 | Step 7800/18112 | Loss 0.5352 | Cls 0.4029 | LM 0.4408
17:58:45 | Ep 7 | Step 8000/18112 | Loss 0.6001 | Cls 0.3997 | LM 0.6679
18:01:10 | Ep 7 | Step 8200/18112 | Loss 0.8499 | Cls 0.7270 | LM 0.4097
18:03:35 | Ep 7 | Step 8400/18112 | Loss 0.7560 | Cls 0.5819 | LM 0.5804
18:06:00 | Ep 7 | Step 8600/18112 | Loss 0.7116 | Cls 0.5267 | LM 0.6162
18:08:25 | Ep 7 | Step 8800/18112 | Loss 0.6636 | Cls 0.4607 | LM 0.6762
18:10:50 | Ep 7 | Step 9000/18112 | Loss 0.5746 | Cls 0.3469 | LM 0.7591
18:13:15 | Ep 7 | Step 9200/18112 | Loss 0.8033 | Cls 0.6231 | LM 0.6006
18:15:40 | Ep 7 | Step 9400/18112 | Loss 0.6224 | Cls 0.4329 | LM 0.6317
09:36:20 | Device: cuda
09:36:20 | GPU   : NVIDIA RTX A5000
09:36:20 | VRAM  : 25.8 GB
09:36:20 | Loading data ...
09:38:07 | Building model ...
09:38:15 | Optimizer groups: LoRA=392 tensors, custom=20 tensors
09:38:20 | Resumed from epoch 6, best AUC=0.9314
09:38:20 | ======================================================================
09:38:20 |   batch_size=8  grad_accum=4  eff_batch=32
09:38:20 |   lm_seq_len=192  lm_loss_weight=0.3
09:38:20 |   epochs_cls=3  epochs_joint=7
09:38:20 |   lr=5e-05  lora_rank=64
09:38:20 |   steps/epoch=18112  total_steps=181120
09:38:20 |   logs → ./runs/intern_exp2\logs
09:38:20 | ======================================================================
09:38:20 |   Ep    Stage   TrLoss   TrAcc   VaLoss   VaAcc   VaAUC  Best
09:38:20 | ======================================================================
09:49:38 | Device: cuda
09:49:38 | GPU   : NVIDIA RTX A5000
09:49:38 | VRAM  : 25.8 GB
09:49:38 | Loading data ...
09:51:20 | Building model ...
09:51:26 | Optimizer groups: LoRA=392 tensors, custom=20 tensors
09:51:29 | Resumed from epoch 6, best AUC=0.9314
09:51:29 | ======================================================================
09:51:29 |   batch_size=8  grad_accum=4  eff_batch=32
09:51:29 |   lm_seq_len=192  lm_loss_weight=0.3
09:51:29 |   epochs_cls=3  epochs_joint=5
09:51:29 |   lr=5e-05  lora_rank=64
09:51:29 |   steps/epoch=18112  total_steps=144896
09:51:29 |   logs → ./runs/intern_exp2\logs
09:51:29 | ======================================================================
09:51:29 |   Ep    Stage   TrLoss   TrAcc   VaLoss   VaAcc   VaAUC  Best
09:51:29 | ======================================================================
10:08:37 | Device: cuda
10:08:37 | GPU   : NVIDIA RTX A5000
10:08:37 | VRAM  : 25.8 GB
10:08:37 | Loading data ...
10:10:23 | Building model ...
10:10:28 | Optimizer groups: LoRA=392 tensors, custom=20 tensors
10:10:31 | Resumed from epoch 6, best AUC=0.9314
10:10:31 | ======================================================================
10:10:31 |   batch_size=8  grad_accum=4  eff_batch=32
10:10:31 |   lm_seq_len=192  lm_loss_weight=0.3
10:10:31 |   epochs_cls=3  epochs_joint=5
10:10:31 |   lr=5e-05  lora_rank=64
10:10:31 |   steps/epoch=18112  total_steps=144896
10:10:31 |   logs → ./runs/intern_exp2\logs
10:10:31 | ======================================================================
10:10:31 |   Ep    Stage   TrLoss   TrAcc   VaLoss   VaAcc   VaAUC  Best
10:10:31 | ======================================================================
10:13:35 | Device: cuda
10:13:35 | GPU   : NVIDIA RTX A5000
10:13:35 | VRAM  : 25.8 GB
10:13:35 | Loading data ...
10:15:44 | Building model ...
10:15:50 | Optimizer groups: LoRA=392 tensors, custom=20 tensors
10:15:53 | Resumed from epoch 6, best AUC=0.9314
10:15:53 | ======================================================================
10:15:53 |   batch_size=8  grad_accum=4  eff_batch=32
10:15:53 |   lm_seq_len=192  lm_loss_weight=0.3
10:15:53 |   epochs_cls=3  epochs_joint=5
10:15:53 |   lr=5e-05  lora_rank=64
10:15:53 |   steps/epoch=18112  total_steps=144896
10:15:53 |   logs → ./runs/intern_exp2\logs
10:15:53 | ======================================================================
10:15:53 |   Ep    Stage   TrLoss   TrAcc   VaLoss   VaAcc   VaAUC  Best
10:15:53 | ======================================================================
10:16:02 | Ep 7 | Step 0/18112 | Loss 0.7451 | Cls 0.5875 | LM 0.5255
10:20:45 | Device: cuda
10:20:45 | GPU   : NVIDIA RTX A5000
10:20:45 | VRAM  : 25.8 GB
10:20:45 | Loading data ...
10:22:26 | Building model ...
10:22:31 | Optimizer groups: LoRA=392 tensors, custom=20 tensors
10:22:34 | Resumed from epoch 6, best AUC=0.9314
10:22:34 | ======================================================================
10:22:34 |   batch_size=8  grad_accum=4  eff_batch=32
10:22:34 |   lm_seq_len=192  lm_loss_weight=0.3
10:22:34 |   epochs_cls=3  epochs_joint=5
10:22:34 |   lr=5e-05  lora_rank=64
10:22:34 |   steps/epoch=18112  total_steps=144896
10:22:34 |   logs → ./runs/intern_exp2\logs
10:22:34 | ======================================================================
10:22:34 |   Ep    Stage   TrLoss   TrAcc   VaLoss   VaAcc   VaAUC  Best
10:22:34 | ======================================================================
10:24:46 | Device: cuda
10:24:46 | GPU   : NVIDIA RTX A5000
10:24:46 | VRAM  : 25.8 GB
10:24:46 | Loading data ...
10:26:34 | Building model ...
10:26:40 | Optimizer groups: LoRA=392 tensors, custom=20 tensors
10:26:43 | Resumed from epoch 6, best AUC=0.9314
10:26:43 | ======================================================================
10:26:43 |   batch_size=8  grad_accum=4  eff_batch=32
10:26:43 |   lm_seq_len=192  lm_loss_weight=0.3
10:26:43 |   epochs_cls=3  epochs_joint=5
10:26:43 |   lr=5e-05  lora_rank=64
10:26:43 |   steps/epoch=18112  total_steps=144896
10:26:43 |   logs → ./runs/intern_exp2\logs
10:26:43 | ======================================================================
10:26:43 |   Ep    Stage   TrLoss   TrAcc   VaLoss   VaAcc   VaAUC  Best
10:26:43 | ======================================================================
10:26:45 | Ep 7 | Step 0/18112 | Loss 0.8972 | Cls 0.6996 | LM 0.6585
10:30:17 | Ep 7 | Step 200/18112 | Loss 0.7154 | Cls 0.5127 | LM 0.6758
10:33:42 | Ep 7 | Step 400/18112 | Loss 0.5799 | Cls 0.3825 | LM 0.6581
10:37:20 | Ep 7 | Step 600/18112 | Loss 0.5569 | Cls 0.3499 | LM 0.6899
10:40:58 | Ep 7 | Step 800/18112 | Loss 0.6115 | Cls 0.4230 | LM 0.6285
10:44:33 | Ep 7 | Step 1000/18112 | Loss 0.6497 | Cls 0.4893 | LM 0.5346
10:48:11 | Ep 7 | Step 1200/18112 | Loss 0.5817 | Cls 0.4312 | LM 0.5015
10:51:50 | Ep 7 | Step 1400/18112 | Loss 0.8726 | Cls 0.6762 | LM 0.6545
10:55:29 | Ep 7 | Step 1600/18112 | Loss 0.4901 | Cls 0.4620 | LM 0.0938
10:58:54 | Device: cuda
10:58:54 | GPU   : NVIDIA RTX A5000
10:58:54 | VRAM  : 25.8 GB
10:58:54 | Loading data ...
11:00:33 | Building model ...
11:00:38 | Optimizer groups: LoRA=392 tensors, custom=20 tensors
11:00:41 | Resumed from epoch 6, best AUC=0.9314
11:00:41 | ======================================================================
11:00:41 |   batch_size=8  grad_accum=4  eff_batch=32
11:00:41 |   lm_seq_len=192  lm_loss_weight=0.3
11:00:41 |   epochs_cls=3  epochs_joint=5
11:00:41 |   lr=5e-05  lora_rank=64
11:00:41 |   steps/epoch=18112  total_steps=144896
11:00:41 |   logs → ./runs/intern_exp2\logs
11:00:41 | ======================================================================
11:00:41 |   Ep    Stage   TrLoss   TrAcc   VaLoss   VaAcc   VaAUC  Best
11:00:41 | ======================================================================
11:26:14 | Ep 7 | Step 0/18112 | Loss 0.3972 | Cls 0.3766 | LM 0.0687
11:28:37 | Ep 7 | Step 200/18112 | Loss 0.5798 | Cls 0.3527 | LM 0.7572
11:31:03 | Ep 7 | Step 400/18112 | Loss 0.7819 | Cls 0.6019 | LM 0.5999
11:33:29 | Ep 7 | Step 600/18112 | Loss 0.7105 | Cls 0.5002 | LM 0.7010
11:35:54 | Ep 7 | Step 800/18112 | Loss 0.8540 | Cls 0.6891 | LM 0.5498
11:38:19 | Ep 7 | Step 1000/18112 | Loss 0.8574 | Cls 0.6390 | LM 0.7279
11:40:45 | Ep 7 | Step 1200/18112 | Loss 0.5541 | Cls 0.3729 | LM 0.6040
11:43:10 | Ep 7 | Step 1400/18112 | Loss 0.6761 | Cls 0.4791 | LM 0.6568
11:45:35 | Ep 7 | Step 1600/18112 | Loss 0.4744 | Cls 0.4470 | LM 0.0913
11:48:01 | Ep 7 | Step 1800/18112 | Loss 0.5634 | Cls 0.3825 | LM 0.6030
11:50:26 | Ep 7 | Step 2000/18112 | Loss 0.7487 | Cls 0.5351 | LM 0.7118
11:52:51 | Ep 7 | Step 2200/18112 | Loss 0.7306 | Cls 0.4930 | LM 0.7919
11:55:16 | Ep 7 | Step 2400/18112 | Loss 0.4981 | Cls 0.2974 | LM 0.6689
11:57:41 | Ep 7 | Step 2600/18112 | Loss 0.5699 | Cls 0.3619 | LM 0.6933
12:00:06 | Ep 7 | Step 2800/18112 | Loss 0.5945 | Cls 0.3670 | LM 0.7582
12:02:31 | Ep 7 | Step 3000/18112 | Loss 0.6035 | Cls 0.4386 | LM 0.5498
12:04:57 | Ep 7 | Step 3200/18112 | Loss 0.7968 | Cls 0.5838 | LM 0.7100
12:07:22 | Ep 7 | Step 3400/18112 | Loss 0.6680 | Cls 0.4691 | LM 0.6629
12:09:47 | Ep 7 | Step 3600/18112 | Loss 0.8527 | Cls 0.6531 | LM 0.6655
12:12:11 | Ep 7 | Step 3800/18112 | Loss 0.9019 | Cls 0.7231 | LM 0.5962
12:14:36 | Ep 7 | Step 4000/18112 | Loss 0.5714 | Cls 0.4211 | LM 0.5010
12:17:01 | Ep 7 | Step 4200/18112 | Loss 0.6280 | Cls 0.4276 | LM 0.6681
12:19:26 | Ep 7 | Step 4400/18112 | Loss 0.6318 | Cls 0.4927 | LM 0.4636
12:21:50 | Ep 7 | Step 4600/18112 | Loss 0.8616 | Cls 0.6477 | LM 0.7129
12:24:15 | Ep 7 | Step 4800/18112 | Loss 0.8127 | Cls 0.5959 | LM 0.7227
12:26:40 | Ep 7 | Step 5000/18112 | Loss 0.7185 | Cls 0.4988 | LM 0.7324
12:29:05 | Ep 7 | Step 5200/18112 | Loss 0.5829 | Cls 0.4099 | LM 0.5768
12:31:30 | Ep 7 | Step 5400/18112 | Loss 0.6672 | Cls 0.5454 | LM 0.4060
12:33:55 | Ep 7 | Step 5600/18112 | Loss 0.6917 | Cls 0.4530 | LM 0.7960
12:36:20 | Ep 7 | Step 5800/18112 | Loss 0.7949 | Cls 0.5721 | LM 0.7426
12:38:45 | Ep 7 | Step 6000/18112 | Loss 0.7799 | Cls 0.5374 | LM 0.8086
12:41:10 | Ep 7 | Step 6200/18112 | Loss 0.9878 | Cls 0.9057 | LM 0.2735
12:43:34 | Ep 7 | Step 6400/18112 | Loss 0.6332 | Cls 0.4472 | LM 0.6199
12:45:59 | Ep 7 | Step 6600/18112 | Loss 0.5377 | Cls 0.2867 | LM 0.8366
12:48:24 | Ep 7 | Step 6800/18112 | Loss 0.8354 | Cls 0.6281 | LM 0.6908
12:50:48 | Ep 7 | Step 7000/18112 | Loss 0.6621 | Cls 0.4170 | LM 0.8169
12:53:13 | Ep 7 | Step 7200/18112 | Loss 0.6447 | Cls 0.4538 | LM 0.6364
12:55:38 | Ep 7 | Step 7400/18112 | Loss 0.6108 | Cls 0.4130 | LM 0.6594
12:58:02 | Ep 7 | Step 7600/18112 | Loss 0.5248 | Cls 0.3507 | LM 0.5804
13:00:27 | Ep 7 | Step 7800/18112 | Loss 0.6310 | Cls 0.4309 | LM 0.6671
13:02:52 | Ep 7 | Step 8000/18112 | Loss 0.8026 | Cls 0.6337 | LM 0.5632
13:05:16 | Ep 7 | Step 8200/18112 | Loss 0.5638 | Cls 0.3802 | LM 0.6120
13:07:41 | Ep 7 | Step 8400/18112 | Loss 0.6232 | Cls 0.4180 | LM 0.6840
13:10:06 | Ep 7 | Step 8600/18112 | Loss 0.6699 | Cls 0.4978 | LM 0.5735
13:12:31 | Ep 7 | Step 8800/18112 | Loss 0.5298 | Cls 0.3317 | LM 0.6604
13:14:56 | Ep 7 | Step 9000/18112 | Loss 0.6584 | Cls 0.6116 | LM 0.1562
13:17:22 | Ep 7 | Step 9200/18112 | Loss 0.6484 | Cls 0.4410 | LM 0.6914
13:19:47 | Ep 7 | Step 9400/18112 | Loss 0.7097 | Cls 0.5754 | LM 0.4479
13:22:12 | Ep 7 | Step 9600/18112 | Loss 0.7518 | Cls 0.5820 | LM 0.5661
13:24:37 | Ep 7 | Step 9800/18112 | Loss 0.6341 | Cls 0.4433 | LM 0.6359
13:27:02 | Ep 7 | Step 10000/18112 | Loss 1.2057 | Cls 0.9710 | LM 0.7823
13:29:27 | Ep 7 | Step 10200/18112 | Loss 0.6515 | Cls 0.5096 | LM 0.4729
13:31:52 | Ep 7 | Step 10400/18112 | Loss 0.6545 | Cls 0.4547 | LM 0.6658
13:34:17 | Ep 7 | Step 10600/18112 | Loss 0.7251 | Cls 0.4905 | LM 0.7821
13:36:42 | Ep 7 | Step 10800/18112 | Loss 0.4903 | Cls 0.2370 | LM 0.8444
13:39:07 | Ep 7 | Step 11000/18112 | Loss 0.8230 | Cls 0.7058 | LM 0.3907
13:41:32 | Ep 7 | Step 11200/18112 | Loss 0.4755 | Cls 0.2730 | LM 0.6749
13:43:57 | Ep 7 | Step 11400/18112 | Loss 0.7927 | Cls 0.5936 | LM 0.6637
13:46:22 | Ep 7 | Step 11600/18112 | Loss 0.6581 | Cls 0.4509 | LM 0.6907
13:48:47 | Ep 7 | Step 11800/18112 | Loss 0.5425 | Cls 0.3614 | LM 0.6034
13:51:12 | Ep 7 | Step 12000/18112 | Loss 0.5158 | Cls 0.3888 | LM 0.4233
13:53:37 | Ep 7 | Step 12200/18112 | Loss 0.7723 | Cls 0.5709 | LM 0.6715
13:56:02 | Ep 7 | Step 12400/18112 | Loss 0.5624 | Cls 0.3771 | LM 0.6179
13:58:27 | Ep 7 | Step 12600/18112 | Loss 0.5237 | Cls 0.2907 | LM 0.7769
14:00:52 | Ep 7 | Step 12800/18112 | Loss 0.7190 | Cls 0.5036 | LM 0.7182
14:03:17 | Ep 7 | Step 13000/18112 | Loss 0.5516 | Cls 0.3690 | LM 0.6086
14:05:42 | Ep 7 | Step 13200/18112 | Loss 0.8624 | Cls 0.6203 | LM 0.8070
14:08:07 | Ep 7 | Step 13400/18112 | Loss 0.6888 | Cls 0.5002 | LM 0.6285
14:10:32 | Ep 7 | Step 13600/18112 | Loss 0.4488 | Cls 0.3098 | LM 0.4633
14:12:57 | Ep 7 | Step 13800/18112 | Loss 0.5542 | Cls 0.3369 | LM 0.7245
14:15:22 | Ep 7 | Step 14000/18112 | Loss 0.5021 | Cls 0.3469 | LM 0.5172
14:17:47 | Ep 7 | Step 14200/18112 | Loss 0.7909 | Cls 0.5723 | LM 0.7285
14:20:12 | Ep 7 | Step 14400/18112 | Loss 0.5904 | Cls 0.4753 | LM 0.3838
14:22:37 | Ep 7 | Step 14600/18112 | Loss 0.6096 | Cls 0.4621 | LM 0.4919
14:25:02 | Ep 7 | Step 14800/18112 | Loss 0.6558 | Cls 0.5018 | LM 0.5135
14:27:27 | Ep 7 | Step 15000/18112 | Loss 0.4749 | Cls 0.3341 | LM 0.4693
14:29:52 | Ep 7 | Step 15200/18112 | Loss 0.8033 | Cls 0.5640 | LM 0.7977
14:32:17 | Ep 7 | Step 15400/18112 | Loss 0.5787 | Cls 0.4170 | LM 0.5389
14:34:42 | Ep 7 | Step 15600/18112 | Loss 0.5965 | Cls 0.4309 | LM 0.5521
14:37:07 | Ep 7 | Step 15800/18112 | Loss 0.5899 | Cls 0.3912 | LM 0.6621
14:39:32 | Ep 7 | Step 16000/18112 | Loss 0.5167 | Cls 0.3100 | LM 0.6891
14:41:57 | Ep 7 | Step 16200/18112 | Loss 0.7181 | Cls 0.5768 | LM 0.4712
14:44:22 | Ep 7 | Step 16400/18112 | Loss 0.7242 | Cls 0.5135 | LM 0.7024
14:46:47 | Ep 7 | Step 16600/18112 | Loss 0.6975 | Cls 0.5224 | LM 0.5836
14:49:12 | Ep 7 | Step 16800/18112 | Loss 0.6158 | Cls 0.4576 | LM 0.5271
14:51:37 | Ep 7 | Step 17000/18112 | Loss 0.7588 | Cls 0.5640 | LM 0.6494
14:54:02 | Ep 7 | Step 17200/18112 | Loss 0.5021 | Cls 0.3352 | LM 0.5564
14:56:27 | Ep 7 | Step 17400/18112 | Loss 0.7619 | Cls 0.5703 | LM 0.6390
14:58:52 | Ep 7 | Step 17600/18112 | Loss 0.6634 | Cls 0.5199 | LM 0.4782
15:01:17 | Ep 7 | Step 17800/18112 | Loss 0.6745 | Cls 0.4877 | LM 0.6227
15:03:43 | Ep 7 | Step 18000/18112 | Loss 0.7393 | Cls 0.5339 | LM 0.6848
15:12:41 |    7    joint   0.6525  0.8058   0.4524  0.8333  0.9370     *
15:12:48 |   Saved: ./runs/intern_exp2\checkpoints\ep007.pth
15:12:54 |   Saved: ./runs/intern_exp2\checkpoints\best.pth
15:41:24 | Ep 8 | Step 0/18112 | Loss 0.5632 | Cls 0.3531 | LM 0.7003
15:43:46 | Ep 8 | Step 200/18112 | Loss 0.8473 | Cls 0.6218 | LM 0.7516
15:46:11 | Ep 8 | Step 400/18112 | Loss 0.4158 | Cls 0.3985 | LM 0.0576
15:48:36 | Ep 8 | Step 600/18112 | Loss 0.5455 | Cls 0.3863 | LM 0.5306
15:51:01 | Ep 8 | Step 800/18112 | Loss 0.9486 | Cls 0.7444 | LM 0.6808
15:53:26 | Ep 8 | Step 1000/18112 | Loss 0.6603 | Cls 0.5054 | LM 0.5164
15:55:51 | Ep 8 | Step 1200/18112 | Loss 0.7952 | Cls 0.5824 | LM 0.7094
15:58:16 | Ep 8 | Step 1400/18112 | Loss 0.7810 | Cls 0.6250 | LM 0.5201
16:00:41 | Ep 8 | Step 1600/18112 | Loss 0.6840 | Cls 0.4929 | LM 0.6368
16:03:06 | Ep 8 | Step 1800/18112 | Loss 0.7095 | Cls 0.4415 | LM 0.8935
16:05:31 | Ep 8 | Step 2000/18112 | Loss 0.6933 | Cls 0.4954 | LM 0.6597
16:07:56 | Ep 8 | Step 2200/18112 | Loss 0.6980 | Cls 0.5589 | LM 0.4639
16:10:21 | Ep 8 | Step 2400/18112 | Loss 0.5148 | Cls 0.3602 | LM 0.5153
16:12:47 | Ep 8 | Step 2600/18112 | Loss 0.7477 | Cls 0.5576 | LM 0.6335
16:15:12 | Ep 8 | Step 2800/18112 | Loss 0.6352 | Cls 0.5996 | LM 0.1186
16:17:37 | Ep 8 | Step 3000/18112 | Loss 0.5049 | Cls 0.2782 | LM 0.7555
16:20:02 | Ep 8 | Step 3200/18112 | Loss 0.6268 | Cls 0.4237 | LM 0.6770
16:22:27 | Ep 8 | Step 3400/18112 | Loss 0.4946 | Cls 0.2871 | LM 0.6915
16:24:52 | Ep 8 | Step 3600/18112 | Loss 0.6399 | Cls 0.4566 | LM 0.6110
16:27:17 | Ep 8 | Step 3800/18112 | Loss 0.4886 | Cls 0.3336 | LM 0.5165
16:29:42 | Ep 8 | Step 4000/18112 | Loss 0.5878 | Cls 0.4490 | LM 0.4626
16:32:08 | Ep 8 | Step 4200/18112 | Loss 0.8450 | Cls 0.6821 | LM 0.5432
16:34:33 | Ep 8 | Step 4400/18112 | Loss 0.5367 | Cls 0.3841 | LM 0.5087
16:36:58 | Ep 8 | Step 4600/18112 | Loss 0.7616 | Cls 0.5552 | LM 0.6882
16:39:23 | Ep 8 | Step 4800/18112 | Loss 0.6089 | Cls 0.4319 | LM 0.5898
16:41:48 | Ep 8 | Step 5000/18112 | Loss 0.5667 | Cls 0.5423 | LM 0.0813
16:44:13 | Ep 8 | Step 5200/18112 | Loss 0.7301 | Cls 0.5177 | LM 0.7079
16:46:37 | Ep 8 | Step 5400/18112 | Loss 0.7315 | Cls 0.5315 | LM 0.6665
16:49:02 | Ep 8 | Step 5600/18112 | Loss 0.6925 | Cls 0.6561 | LM 0.1215
16:51:27 | Ep 8 | Step 5800/18112 | Loss 0.8326 | Cls 0.6396 | LM 0.6434
16:53:51 | Ep 8 | Step 6000/18112 | Loss 0.8506 | Cls 0.6570 | LM 0.6454
16:56:16 | Ep 8 | Step 6200/18112 | Loss 0.6313 | Cls 0.4209 | LM 0.7011
16:58:40 | Ep 8 | Step 6400/18112 | Loss 0.5563 | Cls 0.3772 | LM 0.5971
17:01:05 | Ep 8 | Step 6600/18112 | Loss 0.6317 | Cls 0.4588 | LM 0.5765
17:03:30 | Ep 8 | Step 6800/18112 | Loss 0.5438 | Cls 0.3698 | LM 0.5800
17:05:54 | Ep 8 | Step 7000/18112 | Loss 0.6713 | Cls 0.5140 | LM 0.5243
17:08:19 | Ep 8 | Step 7200/18112 | Loss 0.7690 | Cls 0.5733 | LM 0.6523
17:10:43 | Ep 8 | Step 7400/18112 | Loss 0.4949 | Cls 0.3396 | LM 0.5179
17:13:08 | Ep 8 | Step 7600/18112 | Loss 0.4892 | Cls 0.3411 | LM 0.4936
17:15:32 | Ep 8 | Step 7800/18112 | Loss 0.5333 | Cls 0.3125 | LM 0.7362
17:17:57 | Ep 8 | Step 8000/18112 | Loss 0.4372 | Cls 0.4071 | LM 0.1004
17:20:22 | Ep 8 | Step 8200/18112 | Loss 0.5303 | Cls 0.3668 | LM 0.5452
17:22:46 | Ep 8 | Step 8400/18112 | Loss 0.5968 | Cls 0.4282 | LM 0.5622
17:25:11 | Ep 8 | Step 8600/18112 | Loss 0.4256 | Cls 0.2994 | LM 0.4208
17:27:35 | Ep 8 | Step 8800/18112 | Loss 0.7381 | Cls 0.4784 | LM 0.8655
17:30:00 | Ep 8 | Step 9000/18112 | Loss 0.8416 | Cls 0.6477 | LM 0.6465
17:32:24 | Ep 8 | Step 9200/18112 | Loss 0.6709 | Cls 0.4534 | LM 0.7251
17:34:49 | Ep 8 | Step 9400/18112 | Loss 0.3999 | Cls 0.3793 | LM 0.0687
17:37:14 | Ep 8 | Step 9600/18112 | Loss 0.6004 | Cls 0.4552 | LM 0.4840
17:39:38 | Ep 8 | Step 9800/18112 | Loss 0.6442 | Cls 0.4856 | LM 0.5287
17:42:03 | Ep 8 | Step 10000/18112 | Loss 0.6965 | Cls 0.5204 | LM 0.5868
17:44:27 | Ep 8 | Step 10200/18112 | Loss 0.6747 | Cls 0.4823 | LM 0.6414
17:46:52 | Ep 8 | Step 10400/18112 | Loss 0.6094 | Cls 0.4318 | LM 0.5919
17:49:16 | Ep 8 | Step 10600/18112 | Loss 0.7149 | Cls 0.5119 | LM 0.6765
17:51:41 | Ep 8 | Step 10800/18112 | Loss 0.8308 | Cls 0.5938 | LM 0.7899
17:54:05 | Ep 8 | Step 11000/18112 | Loss 0.7438 | Cls 0.5118 | LM 0.7732
17:56:30 | Ep 8 | Step 11200/18112 | Loss 0.4398 | Cls 0.2700 | LM 0.5662
10:03:18 | Device: cuda
10:03:18 | GPU   : NVIDIA RTX A5000
10:03:18 | VRAM  : 25.8 GB
10:03:18 | Loading data ...
10:05:23 | Building model ...
10:05:31 | Optimizer groups: LoRA=392 tensors, custom=20 tensors
10:05:36 | Resumed from epoch 7, best AUC=0.9370
10:05:36 | ======================================================================
10:05:36 |   batch_size=8  grad_accum=4  eff_batch=32
10:05:36 |   lm_seq_len=192  lm_loss_weight=0.3
10:05:36 |   epochs_cls=3  epochs_joint=7
10:05:36 |   lr=5e-05  lora_rank=64
10:05:36 |   steps/epoch=18112  total_steps=181120
10:05:36 |   logs → ./runs/intern_exp2\logs
10:05:36 | ======================================================================
10:05:36 |   Ep    Stage   TrLoss   TrAcc   VaLoss   VaAcc   VaAUC  Best
10:05:36 | ======================================================================
10:38:49 | Ep 8 | Step 0/18112 | Loss 0.7009 | Cls 0.4604 | LM 0.8016
10:41:15 | Ep 8 | Step 200/18112 | Loss 0.4263 | Cls 0.4081 | LM 0.0606
10:43:41 | Ep 8 | Step 400/18112 | Loss 0.7003 | Cls 0.5023 | LM 0.6600
10:46:09 | Ep 8 | Step 600/18112 | Loss 0.8339 | Cls 0.6247 | LM 0.6974
10:48:37 | Ep 8 | Step 800/18112 | Loss 0.7015 | Cls 0.6716 | LM 0.0998
10:51:05 | Ep 8 | Step 1000/18112 | Loss 0.5539 | Cls 0.3696 | LM 0.6141
10:53:33 | Ep 8 | Step 1200/18112 | Loss 0.6945 | Cls 0.5189 | LM 0.5854
10:56:01 | Ep 8 | Step 1400/18112 | Loss 0.6345 | Cls 0.5440 | LM 0.3016
10:58:30 | Ep 8 | Step 1600/18112 | Loss 0.6618 | Cls 0.4855 | LM 0.5877
11:00:58 | Ep 8 | Step 1800/18112 | Loss 0.8009 | Cls 0.6016 | LM 0.6644
11:03:26 | Ep 8 | Step 2000/18112 | Loss 0.5318 | Cls 0.3451 | LM 0.6223
11:05:54 | Ep 8 | Step 2200/18112 | Loss 0.6956 | Cls 0.4680 | LM 0.7586
11:08:22 | Ep 8 | Step 2400/18112 | Loss 0.5692 | Cls 0.3833 | LM 0.6199
11:10:52 | Ep 8 | Step 2600/18112 | Loss 0.6359 | Cls 0.4625 | LM 0.5779
11:13:19 | Ep 8 | Step 2800/18112 | Loss 0.4456 | Cls 0.2635 | LM 0.6071
11:15:47 | Ep 8 | Step 3000/18112 | Loss 0.5501 | Cls 0.3388 | LM 0.7043
11:18:14 | Ep 8 | Step 3200/18112 | Loss 0.6675 | Cls 0.6345 | LM 0.1103
11:20:42 | Ep 8 | Step 3400/18112 | Loss 0.5966 | Cls 0.3771 | LM 0.7318
11:23:11 | Ep 8 | Step 3600/18112 | Loss 0.7177 | Cls 0.5124 | LM 0.6842
11:25:38 | Ep 8 | Step 3800/18112 | Loss 0.6333 | Cls 0.4181 | LM 0.7176
11:28:08 | Ep 8 | Step 4000/18112 | Loss 0.4493 | Cls 0.4247 | LM 0.0820
11:30:37 | Ep 8 | Step 4200/18112 | Loss 0.7592 | Cls 0.5458 | LM 0.7115
11:33:11 | Ep 8 | Step 4400/18112 | Loss 0.6172 | Cls 0.4381 | LM 0.5972
11:35:45 | Ep 8 | Step 4600/18112 | Loss 0.6394 | Cls 0.4394 | LM 0.6666
11:38:20 | Ep 8 | Step 4800/18112 | Loss 0.4388 | Cls 0.3418 | LM 0.3231
11:40:54 | Ep 8 | Step 5000/18112 | Loss 0.7149 | Cls 0.5668 | LM 0.4938
11:43:27 | Ep 8 | Step 5200/18112 | Loss 0.6769 | Cls 0.5385 | LM 0.4615
11:46:00 | Ep 8 | Step 5400/18112 | Loss 0.5352 | Cls 0.3729 | LM 0.5409
11:48:34 | Ep 8 | Step 5600/18112 | Loss 0.6808 | Cls 0.4271 | LM 0.8457
11:51:08 | Ep 8 | Step 5800/18112 | Loss 0.6930 | Cls 0.5332 | LM 0.5329
11:53:38 | Ep 8 | Step 6000/18112 | Loss 0.8366 | Cls 0.6740 | LM 0.5420
11:56:07 | Ep 8 | Step 6200/18112 | Loss 0.6873 | Cls 0.4884 | LM 0.6629
11:58:37 | Ep 8 | Step 6400/18112 | Loss 0.5079 | Cls 0.3028 | LM 0.6835
12:01:08 | Ep 8 | Step 6600/18112 | Loss 0.4988 | Cls 0.2817 | LM 0.7237
12:03:38 | Ep 8 | Step 6800/18112 | Loss 0.7310 | Cls 0.5016 | LM 0.7648
12:06:10 | Ep 8 | Step 7000/18112 | Loss 0.6186 | Cls 0.4373 | LM 0.6043
12:08:37 | Ep 8 | Step 7200/18112 | Loss 0.6770 | Cls 0.5029 | LM 0.5803
12:11:07 | Ep 8 | Step 7400/18112 | Loss 0.4404 | Cls 0.2968 | LM 0.4786
12:13:34 | Ep 8 | Step 7600/18112 | Loss 0.5475 | Cls 0.4195 | LM 0.4266
12:16:00 | Ep 8 | Step 7800/18112 | Loss 0.4756 | Cls 0.3361 | LM 0.4652
12:18:26 | Ep 8 | Step 8000/18112 | Loss 0.8503 | Cls 0.6740 | LM 0.5874
12:20:53 | Ep 8 | Step 8200/18112 | Loss 0.3715 | Cls 0.2578 | LM 0.3793
12:23:20 | Ep 8 | Step 8400/18112 | Loss 0.4844 | Cls 0.3046 | LM 0.5994
12:25:49 | Ep 8 | Step 8600/18112 | Loss 0.6330 | Cls 0.5016 | LM 0.4380
12:28:17 | Ep 8 | Step 8800/18112 | Loss 0.6260 | Cls 0.4523 | LM 0.5791
12:30:45 | Ep 8 | Step 9000/18112 | Loss 0.6249 | Cls 0.4309 | LM 0.6465
12:33:14 | Ep 8 | Step 9200/18112 | Loss 0.5096 | Cls 0.3332 | LM 0.5881
12:35:42 | Ep 8 | Step 9400/18112 | Loss 0.4749 | Cls 0.2770 | LM 0.6598
12:38:10 | Ep 8 | Step 9600/18112 | Loss 0.5751 | Cls 0.3913 | LM 0.6126
12:40:38 | Ep 8 | Step 9800/18112 | Loss 0.7086 | Cls 0.5368 | LM 0.5727
12:43:06 | Ep 8 | Step 10000/18112 | Loss 0.4739 | Cls 0.3395 | LM 0.4481
12:45:34 | Ep 8 | Step 10200/18112 | Loss 0.6522 | Cls 0.4259 | LM 0.7542
12:48:01 | Ep 8 | Step 10400/18112 | Loss 0.7242 | Cls 0.6924 | LM 0.1060
12:50:28 | Ep 8 | Step 10600/18112 | Loss 0.7142 | Cls 0.5005 | LM 0.7123
12:52:56 | Ep 8 | Step 10800/18112 | Loss 0.6860 | Cls 0.5191 | LM 0.5564
12:55:23 | Ep 8 | Step 11000/18112 | Loss 0.4387 | Cls 0.4164 | LM 0.0744
12:57:51 | Ep 8 | Step 11200/18112 | Loss 0.3318 | Cls 0.3170 | LM 0.0493
13:00:18 | Ep 8 | Step 11400/18112 | Loss 0.8249 | Cls 0.6235 | LM 0.6714
13:02:46 | Ep 8 | Step 11600/18112 | Loss 0.8340 | Cls 0.6413 | LM 0.6424
13:05:13 | Ep 8 | Step 11800/18112 | Loss 0.5594 | Cls 0.4008 | LM 0.5286
13:07:42 | Ep 8 | Step 12000/18112 | Loss 0.4861 | Cls 0.4524 | LM 0.1122
13:10:10 | Ep 8 | Step 12200/18112 | Loss 0.6611 | Cls 0.5477 | LM 0.3780
13:12:38 | Ep 8 | Step 12400/18112 | Loss 0.6701 | Cls 0.4841 | LM 0.6200
13:15:06 | Ep 8 | Step 12600/18112 | Loss 0.7165 | Cls 0.4909 | LM 0.7521
13:17:36 | Ep 8 | Step 12800/18112 | Loss 0.6843 | Cls 0.4829 | LM 0.6715
13:20:04 | Ep 8 | Step 13000/18112 | Loss 0.6197 | Cls 0.4803 | LM 0.4648
13:22:33 | Ep 8 | Step 13200/18112 | Loss 0.8315 | Cls 0.6117 | LM 0.7326
13:25:00 | Ep 8 | Step 13400/18112 | Loss 0.7228 | Cls 0.5345 | LM 0.6276
13:27:28 | Ep 8 | Step 13600/18112 | Loss 0.5983 | Cls 0.4465 | LM 0.5060
13:29:55 | Ep 8 | Step 13800/18112 | Loss 0.4182 | Cls 0.2894 | LM 0.4296
13:32:23 | Ep 8 | Step 14000/18112 | Loss 0.6939 | Cls 0.4440 | LM 0.8332
13:34:52 | Ep 8 | Step 14200/18112 | Loss 0.5649 | Cls 0.5376 | LM 0.0910
13:37:20 | Ep 8 | Step 14400/18112 | Loss 0.6038 | Cls 0.4592 | LM 0.4820
13:39:47 | Ep 8 | Step 14600/18112 | Loss 0.5678 | Cls 0.3756 | LM 0.6407
13:42:14 | Ep 8 | Step 14800/18112 | Loss 0.5109 | Cls 0.3067 | LM 0.6807
13:44:42 | Ep 8 | Step 15000/18112 | Loss 0.7655 | Cls 0.5489 | LM 0.7221
13:47:08 | Ep 8 | Step 15200/18112 | Loss 0.5410 | Cls 0.3247 | LM 0.7211
13:49:35 | Ep 8 | Step 15400/18112 | Loss 0.4968 | Cls 0.2799 | LM 0.7228
13:52:01 | Ep 8 | Step 15600/18112 | Loss 0.5842 | Cls 0.3885 | LM 0.6523
13:54:28 | Ep 8 | Step 15800/18112 | Loss 0.5549 | Cls 0.4327 | LM 0.4074
13:56:56 | Ep 8 | Step 16000/18112 | Loss 0.7237 | Cls 0.5609 | LM 0.5428
13:59:23 | Ep 8 | Step 16200/18112 | Loss 0.5003 | Cls 0.3983 | LM 0.3399
14:01:50 | Ep 8 | Step 16400/18112 | Loss 0.6912 | Cls 0.6428 | LM 0.1612
14:04:17 | Ep 8 | Step 16600/18112 | Loss 0.4835 | Cls 0.3368 | LM 0.4888
14:06:44 | Ep 8 | Step 16800/18112 | Loss 0.6126 | Cls 0.4349 | LM 0.5921
14:09:11 | Ep 8 | Step 17000/18112 | Loss 0.5439 | Cls 0.3679 | LM 0.5868
14:11:37 | Ep 8 | Step 17200/18112 | Loss 0.6409 | Cls 0.4614 | LM 0.5980
14:14:06 | Ep 8 | Step 17400/18112 | Loss 0.5434 | Cls 0.3888 | LM 0.5155
14:16:33 | Ep 8 | Step 17600/18112 | Loss 0.8594 | Cls 0.6594 | LM 0.6669
14:19:02 | Ep 8 | Step 17800/18112 | Loss 0.6094 | Cls 0.3724 | LM 0.7901
14:21:30 | Ep 8 | Step 18000/18112 | Loss 0.5751 | Cls 0.3742 | LM 0.6695
14:31:04 |    8    joint   0.6308  0.8142   0.5161  0.7950  0.9287      
14:31:11 |   Saved: ./runs/intern_exp2\checkpoints\ep008.pth
09:12:32 | Device: cuda
09:12:32 | GPU   : NVIDIA RTX A5000
09:12:32 | VRAM  : 25.8 GB
09:12:32 | Loading data ...
09:14:18 | Building model ...
09:14:26 | Optimizer groups: LoRA=392 tensors, custom=20 tensors
09:14:32 | Resumed from epoch 8, best AUC=0.9370
09:14:32 | ======================================================================
09:14:32 |   batch_size=8  grad_accum=4  eff_batch=32
09:14:32 |   lm_seq_len=192  lm_loss_weight=0.3
09:14:32 |   epochs_cls=3  epochs_joint=7
09:14:32 |   lr=5e-05  lora_rank=64
09:14:32 |   steps/epoch=18112  total_steps=181120
09:14:32 |   logs → ./runs/intern_exp2\logs
09:14:32 | ======================================================================
09:14:32 |   Ep    Stage   TrLoss   TrAcc   VaLoss   VaAcc   VaAUC  Best
09:14:32 | ======================================================================
09:38:54 | Ep 9 | Step 0/18112 | Loss 0.5381 | Cls 0.3919 | LM 0.4874
09:41:22 | Ep 9 | Step 200/18112 | Loss 0.5747 | Cls 0.3782 | LM 0.6549
09:43:52 | Ep 9 | Step 400/18112 | Loss 0.7421 | Cls 0.5535 | LM 0.6286
09:46:20 | Ep 9 | Step 600/18112 | Loss 0.5355 | Cls 0.3328 | LM 0.6756
09:48:48 | Ep 9 | Step 800/18112 | Loss 0.7297 | Cls 0.5868 | LM 0.4763
09:51:20 | Ep 9 | Step 1000/18112 | Loss 0.6842 | Cls 0.4926 | LM 0.6387
09:53:54 | Ep 9 | Step 1200/18112 | Loss 0.3950 | Cls 0.2362 | LM 0.5292
09:56:27 | Ep 9 | Step 1400/18112 | Loss 0.5923 | Cls 0.4002 | LM 0.6403
09:59:01 | Ep 9 | Step 1600/18112 | Loss 0.6005 | Cls 0.4159 | LM 0.6153
10:01:27 | Ep 9 | Step 1800/18112 | Loss 0.4551 | Cls 0.2604 | LM 0.6490
10:03:53 | Ep 9 | Step 2000/18112 | Loss 0.7657 | Cls 0.5706 | LM 0.6502
10:06:22 | Ep 9 | Step 2200/18112 | Loss 0.3386 | Cls 0.3230 | LM 0.0522
10:08:50 | Ep 9 | Step 2400/18112 | Loss 0.6361 | Cls 0.5028 | LM 0.4446
10:11:18 | Ep 9 | Step 2600/18112 | Loss 0.5600 | Cls 0.5256 | LM 0.1147
10:13:46 | Ep 9 | Step 2800/18112 | Loss 0.4993 | Cls 0.4060 | LM 0.3110
10:16:13 | Ep 9 | Step 3000/18112 | Loss 0.9577 | Cls 0.7970 | LM 0.5355
10:18:41 | Ep 9 | Step 3200/18112 | Loss 0.9419 | Cls 0.7632 | LM 0.5956
10:21:12 | Ep 9 | Step 3400/18112 | Loss 0.7223 | Cls 0.5772 | LM 0.4837
10:23:42 | Ep 9 | Step 3600/18112 | Loss 0.6615 | Cls 0.6194 | LM 0.1405
10:26:14 | Ep 9 | Step 3800/18112 | Loss 0.7052 | Cls 0.5028 | LM 0.6747
10:28:45 | Ep 9 | Step 4000/18112 | Loss 0.3181 | Cls 0.2917 | LM 0.0881
10:31:18 | Ep 9 | Step 4200/18112 | Loss 0.6479 | Cls 0.4950 | LM 0.5097
10:33:52 | Ep 9 | Step 4400/18112 | Loss 0.7362 | Cls 0.5272 | LM 0.6967
10:36:23 | Ep 9 | Step 4600/18112 | Loss 0.5770 | Cls 0.4233 | LM 0.5122
10:38:55 | Ep 9 | Step 4800/18112 | Loss 0.5975 | Cls 0.4155 | LM 0.6066
10:41:26 | Ep 9 | Step 5000/18112 | Loss 0.7257 | Cls 0.5710 | LM 0.5156
10:43:58 | Ep 9 | Step 5200/18112 | Loss 0.9146 | Cls 0.7163 | LM 0.6611
10:46:32 | Ep 9 | Step 5400/18112 | Loss 0.5345 | Cls 0.4046 | LM 0.4329
10:49:08 | Ep 9 | Step 5600/18112 | Loss 0.6886 | Cls 0.5126 | LM 0.5867
10:51:39 | Ep 9 | Step 5800/18112 | Loss 0.6736 | Cls 0.4921 | LM 0.6051
10:54:10 | Ep 9 | Step 6000/18112 | Loss 0.7107 | Cls 0.6846 | LM 0.0870
10:56:39 | Ep 9 | Step 6200/18112 | Loss 0.6249 | Cls 0.4145 | LM 0.7011
10:59:06 | Ep 9 | Step 6400/18112 | Loss 0.5834 | Cls 0.3896 | LM 0.6458
11:01:37 | Ep 9 | Step 6600/18112 | Loss 0.4794 | Cls 0.3091 | LM 0.5678
11:04:07 | Ep 9 | Step 6800/18112 | Loss 0.8144 | Cls 0.6330 | LM 0.6045
11:06:38 | Ep 9 | Step 7000/18112 | Loss 0.4587 | Cls 0.3172 | LM 0.4717
11:09:09 | Ep 9 | Step 7200/18112 | Loss 0.5173 | Cls 0.3447 | LM 0.5754
11:11:40 | Ep 9 | Step 7400/18112 | Loss 0.5475 | Cls 0.4135 | LM 0.4467
11:14:11 | Ep 9 | Step 7600/18112 | Loss 0.5603 | Cls 0.3977 | LM 0.5422
11:16:43 | Ep 9 | Step 7800/18112 | Loss 0.5458 | Cls 0.3573 | LM 0.6283
11:19:16 | Ep 9 | Step 8000/18112 | Loss 0.7663 | Cls 0.6065 | LM 0.5325
11:21:48 | Ep 9 | Step 8200/18112 | Loss 0.5058 | Cls 0.3414 | LM 0.5478
11:24:20 | Ep 9 | Step 8400/18112 | Loss 0.6222 | Cls 0.4501 | LM 0.5735
11:26:53 | Ep 9 | Step 8600/18112 | Loss 0.8218 | Cls 0.6681 | LM 0.5124
11:29:26 | Ep 9 | Step 8800/18112 | Loss 0.8514 | Cls 0.7281 | LM 0.4111
11:32:01 | Ep 9 | Step 9000/18112 | Loss 0.5573 | Cls 0.4050 | LM 0.5078
11:34:35 | Ep 9 | Step 9200/18112 | Loss 0.6305 | Cls 0.5966 | LM 0.1130
11:37:08 | Ep 9 | Step 9400/18112 | Loss 0.5171 | Cls 0.4864 | LM 0.1023
11:39:42 | Ep 9 | Step 9600/18112 | Loss 0.8815 | Cls 0.7608 | LM 0.4022
11:42:13 | Ep 9 | Step 9800/18112 | Loss 0.4671 | Cls 0.3535 | LM 0.3786
11:44:43 | Ep 9 | Step 10000/18112 | Loss 0.8168 | Cls 0.6525 | LM 0.5476
11:47:14 | Ep 9 | Step 10200/18112 | Loss 0.6480 | Cls 0.5117 | LM 0.4541
11:49:45 | Ep 9 | Step 10400/18112 | Loss 0.4996 | Cls 0.3240 | LM 0.5852
11:52:16 | Ep 9 | Step 10600/18112 | Loss 0.7425 | Cls 0.5720 | LM 0.5684
11:54:47 | Ep 9 | Step 10800/18112 | Loss 0.4442 | Cls 0.3140 | LM 0.4340
11:57:17 | Ep 9 | Step 11000/18112 | Loss 0.8074 | Cls 0.6795 | LM 0.4263
11:59:48 | Ep 9 | Step 11200/18112 | Loss 0.4795 | Cls 0.3010 | LM 0.5950
12:02:20 | Ep 9 | Step 11400/18112 | Loss 0.7487 | Cls 0.5562 | LM 0.6417
12:04:49 | Ep 9 | Step 11600/18112 | Loss 0.7424 | Cls 0.5993 | LM 0.4772
12:07:15 | Ep 9 | Step 11800/18112 | Loss 0.4222 | Cls 0.3186 | LM 0.3452
12:09:40 | Ep 9 | Step 12000/18112 | Loss 0.5823 | Cls 0.4236 | LM 0.5289
12:12:07 | Ep 9 | Step 12200/18112 | Loss 0.4058 | Cls 0.2199 | LM 0.6197
12:14:37 | Ep 9 | Step 12400/18112 | Loss 0.7017 | Cls 0.5402 | LM 0.5383
12:17:07 | Ep 9 | Step 12600/18112 | Loss 0.6183 | Cls 0.4576 | LM 0.5354
12:19:36 | Ep 9 | Step 12800/18112 | Loss 0.4187 | Cls 0.2921 | LM 0.4220
12:22:04 | Ep 9 | Step 13000/18112 | Loss 0.8887 | Cls 0.6956 | LM 0.6436
12:24:32 | Ep 9 | Step 13200/18112 | Loss 0.6039 | Cls 0.4600 | LM 0.4797
12:26:59 | Ep 9 | Step 13400/18112 | Loss 0.7762 | Cls 0.5836 | LM 0.6420
12:29:26 | Ep 9 | Step 13600/18112 | Loss 0.4365 | Cls 0.3208 | LM 0.3856
12:31:54 | Ep 9 | Step 13800/18112 | Loss 0.7130 | Cls 0.5631 | LM 0.4996
12:34:21 | Ep 9 | Step 14000/18112 | Loss 0.3928 | Cls 0.2662 | LM 0.4220
12:36:48 | Ep 9 | Step 14200/18112 | Loss 0.7059 | Cls 0.5036 | LM 0.6742
12:39:15 | Ep 9 | Step 14400/18112 | Loss 0.5677 | Cls 0.3828 | LM 0.6163
12:41:42 | Ep 9 | Step 14600/18112 | Loss 0.5273 | Cls 0.3766 | LM 0.5023
12:44:09 | Ep 9 | Step 14800/18112 | Loss 0.7993 | Cls 0.6783 | LM 0.4031
12:46:36 | Ep 9 | Step 15000/18112 | Loss 0.4531 | Cls 0.4301 | LM 0.0766
12:49:03 | Ep 9 | Step 15200/18112 | Loss 0.4984 | Cls 0.3638 | LM 0.4487
12:51:30 | Ep 9 | Step 15400/18112 | Loss 0.6395 | Cls 0.5010 | LM 0.4617
12:53:57 | Ep 9 | Step 15600/18112 | Loss 0.4913 | Cls 0.3509 | LM 0.4681
12:56:23 | Ep 9 | Step 15800/18112 | Loss 0.5079 | Cls 0.3471 | LM 0.5360
12:58:50 | Ep 9 | Step 16000/18112 | Loss 0.8485 | Cls 0.6318 | LM 0.7223
13:01:17 | Ep 9 | Step 16200/18112 | Loss 0.4171 | Cls 0.2789 | LM 0.4606
13:03:44 | Ep 9 | Step 16400/18112 | Loss 0.4435 | Cls 0.3290 | LM 0.3816
13:06:11 | Ep 9 | Step 16600/18112 | Loss 0.5110 | Cls 0.3347 | LM 0.5879
13:08:40 | Ep 9 | Step 16800/18112 | Loss 0.5062 | Cls 0.3640 | LM 0.4740
13:11:11 | Ep 9 | Step 17000/18112 | Loss 0.4873 | Cls 0.3257 | LM 0.5387
13:13:40 | Ep 9 | Step 17200/18112 | Loss 0.7294 | Cls 0.5561 | LM 0.5776
13:16:09 | Ep 9 | Step 17400/18112 | Loss 0.7013 | Cls 0.5446 | LM 0.5224
13:18:40 | Ep 9 | Step 17600/18112 | Loss 0.6135 | Cls 0.3892 | LM 0.7475
13:21:10 | Ep 9 | Step 17800/18112 | Loss 0.7620 | Cls 0.5856 | LM 0.5880
13:23:42 | Ep 9 | Step 18000/18112 | Loss 0.4884 | Cls 0.3136 | LM 0.5827
13:32:54 |    9    joint   0.6129  0.8200   0.4296  0.8492  0.9418     *
13:33:02 |   Saved: ./runs/intern_exp2\checkpoints\ep009.pth
13:33:09 |   Saved: ./runs/intern_exp2\checkpoints\best.pth
14:06:35 | Ep 10 | Step 0/18112 | Loss 0.5873 | Cls 0.4577 | LM 0.4320
14:09:04 | Ep 10 | Step 200/18112 | Loss 0.6080 | Cls 0.4534 | LM 0.5153
14:11:34 | Ep 10 | Step 400/18112 | Loss 0.6791 | Cls 0.4843 | LM 0.6495
14:14:04 | Ep 10 | Step 600/18112 | Loss 0.3640 | Cls 0.3287 | LM 0.1176
14:16:31 | Ep 10 | Step 800/18112 | Loss 0.6084 | Cls 0.4114 | LM 0.6567
14:19:00 | Ep 10 | Step 1000/18112 | Loss 0.6126 | Cls 0.4536 | LM 0.5299
14:21:26 | Ep 10 | Step 1200/18112 | Loss 0.6720 | Cls 0.4906 | LM 0.6046
14:23:55 | Ep 10 | Step 1400/18112 | Loss 0.5762 | Cls 0.4153 | LM 0.5362
14:26:28 | Ep 10 | Step 1600/18112 | Loss 0.6553 | Cls 0.4488 | LM 0.6883
14:28:59 | Ep 10 | Step 1800/18112 | Loss 0.7103 | Cls 0.5357 | LM 0.5820
14:31:28 | Ep 10 | Step 2000/18112 | Loss 0.4846 | Cls 0.3381 | LM 0.4883
14:33:57 | Ep 10 | Step 2200/18112 | Loss 0.4140 | Cls 0.2932 | LM 0.4025
14:36:28 | Ep 10 | Step 2400/18112 | Loss 0.4926 | Cls 0.3718 | LM 0.4025
14:38:59 | Ep 10 | Step 2600/18112 | Loss 0.7293 | Cls 0.5736 | LM 0.5190
14:41:29 | Ep 10 | Step 2800/18112 | Loss 0.4673 | Cls 0.3236 | LM 0.4789
14:44:00 | Ep 10 | Step 3000/18112 | Loss 0.5246 | Cls 0.3284 | LM 0.6540
14:46:30 | Ep 10 | Step 3200/18112 | Loss 0.4233 | Cls 0.3014 | LM 0.4064
14:49:01 | Ep 10 | Step 3400/18112 | Loss 0.6098 | Cls 0.4485 | LM 0.5378
14:51:32 | Ep 10 | Step 3600/18112 | Loss 0.4436 | Cls 0.3431 | LM 0.3351
14:54:01 | Ep 10 | Step 3800/18112 | Loss 0.5803 | Cls 0.4082 | LM 0.5734
14:56:26 | Ep 10 | Step 4000/18112 | Loss 0.3910 | Cls 0.2947 | LM 0.3208
14:58:52 | Ep 10 | Step 4200/18112 | Loss 0.5213 | Cls 0.3249 | LM 0.6546
15:01:18 | Ep 10 | Step 4400/18112 | Loss 0.4863 | Cls 0.3606 | LM 0.4190
15:03:43 | Ep 10 | Step 4600/18112 | Loss 0.4883 | Cls 0.4662 | LM 0.0736
15:06:08 | Ep 10 | Step 4800/18112 | Loss 0.7530 | Cls 0.6676 | LM 0.2846
15:08:34 | Ep 10 | Step 5000/18112 | Loss 0.5068 | Cls 0.3539 | LM 0.5100
15:10:58 | Ep 10 | Step 5200/18112 | Loss 0.5453 | Cls 0.4292 | LM 0.3869
15:13:23 | Ep 10 | Step 5400/18112 | Loss 0.4110 | Cls 0.2588 | LM 0.5073
15:15:49 | Ep 10 | Step 5600/18112 | Loss 0.6177 | Cls 0.4340 | LM 0.6124
15:18:14 | Ep 10 | Step 5800/18112 | Loss 0.5229 | Cls 0.3809 | LM 0.4732
15:20:39 | Ep 10 | Step 6000/18112 | Loss 0.4497 | Cls 0.3157 | LM 0.4465
15:23:04 | Ep 10 | Step 6200/18112 | Loss 0.7907 | Cls 0.6323 | LM 0.5278
15:25:29 | Ep 10 | Step 6400/18112 | Loss 0.5612 | Cls 0.4719 | LM 0.2974
15:27:54 | Ep 10 | Step 6600/18112 | Loss 0.6756 | Cls 0.5516 | LM 0.4135
15:30:19 | Ep 10 | Step 6800/18112 | Loss 0.9626 | Cls 0.7238 | LM 0.7959
15:32:44 | Ep 10 | Step 7000/18112 | Loss 0.6240 | Cls 0.4874 | LM 0.4556
15:35:09 | Ep 10 | Step 7200/18112 | Loss 0.7683 | Cls 0.6081 | LM 0.5340
15:37:34 | Ep 10 | Step 7400/18112 | Loss 0.6224 | Cls 0.4831 | LM 0.4642
15:39:59 | Ep 10 | Step 7600/18112 | Loss 0.6470 | Cls 0.4979 | LM 0.4972
15:42:24 | Ep 10 | Step 7800/18112 | Loss 0.8584 | Cls 0.7137 | LM 0.4824
15:44:49 | Ep 10 | Step 8000/18112 | Loss 0.5125 | Cls 0.3200 | LM 0.6417
15:47:14 | Ep 10 | Step 8200/18112 | Loss 0.2870 | Cls 0.2744 | LM 0.0420
15:49:38 | Ep 10 | Step 8400/18112 | Loss 0.6020 | Cls 0.4666 | LM 0.4510
15:52:03 | Ep 10 | Step 8600/18112 | Loss 0.4312 | Cls 0.2989 | LM 0.4408
15:54:28 | Ep 10 | Step 8800/18112 | Loss 0.6463 | Cls 0.5311 | LM 0.3839
15:56:53 | Ep 10 | Step 9000/18112 | Loss 0.4793 | Cls 0.3211 | LM 0.5273
15:59:18 | Ep 10 | Step 9200/18112 | Loss 0.6254 | Cls 0.4496 | LM 0.5860
16:01:43 | Ep 10 | Step 9400/18112 | Loss 0.4311 | Cls 0.2917 | LM 0.4646
16:04:08 | Ep 10 | Step 9600/18112 | Loss 0.6637 | Cls 0.6080 | LM 0.1860
16:06:34 | Ep 10 | Step 9800/18112 | Loss 0.8132 | Cls 0.7692 | LM 0.1465
16:08:58 | Ep 10 | Step 10000/18112 | Loss 0.7589 | Cls 0.6062 | LM 0.5090
16:11:23 | Ep 10 | Step 10200/18112 | Loss 0.6443 | Cls 0.5330 | LM 0.3709
16:13:48 | Ep 10 | Step 10400/18112 | Loss 0.6412 | Cls 0.5240 | LM 0.3905
16:16:13 | Ep 10 | Step 10600/18112 | Loss 0.6317 | Cls 0.4764 | LM 0.5178
16:18:38 | Ep 10 | Step 10800/18112 | Loss 0.4386 | Cls 0.2833 | LM 0.5177
16:21:04 | Ep 10 | Step 11000/18112 | Loss 0.5299 | Cls 0.4029 | LM 0.4234
16:23:29 | Ep 10 | Step 11200/18112 | Loss 0.7156 | Cls 0.5642 | LM 0.5047
16:25:54 | Ep 10 | Step 11400/18112 | Loss 0.8587 | Cls 0.7327 | LM 0.4203
16:28:19 | Ep 10 | Step 11600/18112 | Loss 0.5753 | Cls 0.4026 | LM 0.5756
16:30:44 | Ep 10 | Step 11800/18112 | Loss 0.7766 | Cls 0.5845 | LM 0.6404
16:33:09 | Ep 10 | Step 12000/18112 | Loss 0.6449 | Cls 0.4798 | LM 0.5503
16:35:34 | Ep 10 | Step 12200/18112 | Loss 0.6801 | Cls 0.5365 | LM 0.4789
16:37:59 | Ep 10 | Step 12400/18112 | Loss 0.5358 | Cls 0.3467 | LM 0.6304
16:40:24 | Ep 10 | Step 12600/18112 | Loss 0.7242 | Cls 0.5828 | LM 0.4713
16:42:49 | Ep 10 | Step 12800/18112 | Loss 0.6152 | Cls 0.4275 | LM 0.6256
16:45:14 | Ep 10 | Step 13000/18112 | Loss 0.6449 | Cls 0.4703 | LM 0.5821
16:47:39 | Ep 10 | Step 13200/18112 | Loss 0.5932 | Cls 0.4504 | LM 0.4762
16:50:04 | Ep 10 | Step 13400/18112 | Loss 0.6155 | Cls 0.4691 | LM 0.4879
16:52:29 | Ep 10 | Step 13600/18112 | Loss 0.4871 | Cls 0.3504 | LM 0.4554
16:54:54 | Ep 10 | Step 13800/18112 | Loss 0.3391 | Cls 0.3087 | LM 0.1015
16:57:19 | Ep 10 | Step 14000/18112 | Loss 0.6555 | Cls 0.4518 | LM 0.6789
16:59:44 | Ep 10 | Step 14200/18112 | Loss 0.5822 | Cls 0.5544 | LM 0.0928
17:02:09 | Ep 10 | Step 14400/18112 | Loss 0.6191 | Cls 0.5074 | LM 0.3723
17:04:34 | Ep 10 | Step 14600/18112 | Loss 0.6155 | Cls 0.3535 | LM 0.8733
17:06:59 | Ep 10 | Step 14800/18112 | Loss 0.7865 | Cls 0.6103 | LM 0.5876
17:09:24 | Ep 10 | Step 15000/18112 | Loss 0.4114 | Cls 0.3913 | LM 0.0669
17:11:49 | Ep 10 | Step 15200/18112 | Loss 0.5391 | Cls 0.4280 | LM 0.3700
17:14:14 | Ep 10 | Step 15400/18112 | Loss 0.4500 | Cls 0.3169 | LM 0.4436
17:16:39 | Ep 10 | Step 15600/18112 | Loss 0.7171 | Cls 0.5315 | LM 0.6185
17:19:04 | Ep 10 | Step 15800/18112 | Loss 0.8319 | Cls 0.6336 | LM 0.6610
17:21:29 | Ep 10 | Step 16000/18112 | Loss 0.4486 | Cls 0.3514 | LM 0.3240
17:23:54 | Ep 10 | Step 16200/18112 | Loss 0.6260 | Cls 0.4986 | LM 0.4250
17:26:19 | Ep 10 | Step 16400/18112 | Loss 0.7282 | Cls 0.6015 | LM 0.4223
17:28:44 | Ep 10 | Step 16600/18112 | Loss 0.3914 | Cls 0.3373 | LM 0.1803
17:31:09 | Ep 10 | Step 16800/18112 | Loss 0.6420 | Cls 0.4350 | LM 0.6898
17:33:35 | Ep 10 | Step 17000/18112 | Loss 0.3909 | Cls 0.3612 | LM 0.0990
17:36:00 | Ep 10 | Step 17200/18112 | Loss 0.6031 | Cls 0.5176 | LM 0.2852
17:38:25 | Ep 10 | Step 17400/18112 | Loss 0.5860 | Cls 0.4057 | LM 0.6012
17:40:50 | Ep 10 | Step 17600/18112 | Loss 0.4502 | Cls 0.3471 | LM 0.3436
17:43:15 | Ep 10 | Step 17800/18112 | Loss 0.4405 | Cls 0.3160 | LM 0.4150
17:45:40 | Ep 10 | Step 18000/18112 | Loss 0.4140 | Cls 0.3790 | LM 0.1165
17:53:57 |   10    joint   0.5947  0.8261   0.4176  0.8582  0.9429     *
17:54:03 |   Saved: ./runs/intern_exp2\checkpoints\ep010.pth
17:54:09 |   Saved: ./runs/intern_exp2\checkpoints\best.pth
17:54:09 | ======================================================================
17:54:09 | Done. Best val AUC: 0.9429
17:54:09 | Checkpoints : ./runs/intern_exp2\checkpoints
17:54:09 | Logs        : ./runs/intern_exp2\logs
17:54:09 | Curves      : ./runs/intern_exp2\logs\curves.png
14:55:47 | Device: cuda
14:55:47 | GPU   : NVIDIA RTX A5000
14:55:47 | VRAM  : 25.8 GB
14:55:47 | Loading data ...
14:57:30 | Building model ...
14:57:35 | Optimizer groups: LoRA=392 tensors, custom=20 tensors
14:57:38 | Resumed from epoch 10, best AUC=0.9429
14:57:38 | ======================================================================
14:57:38 |   batch_size=8  grad_accum=4  eff_batch=32
14:57:38 |   lm_seq_len=192  lm_loss_weight=0.3
14:57:38 |   epochs_cls=3  epochs_joint=10
14:57:38 |   lr=5e-05  lora_rank=64
14:57:38 |   steps/epoch=18112  total_steps=235456
14:57:38 |   logs → ./runs/intern_exp2\logs
14:57:38 | ======================================================================
14:57:38 |   Ep    Stage   TrLoss   TrAcc   VaLoss   VaAcc   VaAUC  Best
14:57:38 | ======================================================================
15:24:42 | Ep 11 | Step 0/18112 | Loss 0.6906 | Cls 0.5569 | LM 0.4456
15:27:06 | Ep 11 | Step 200/18112 | Loss 0.7589 | Cls 0.5525 | LM 0.6877
15:29:31 | Ep 11 | Step 400/18112 | Loss 0.4445 | Cls 0.3105 | LM 0.4465
15:31:56 | Ep 11 | Step 600/18112 | Loss 0.5585 | Cls 0.4269 | LM 0.4388
15:34:22 | Ep 11 | Step 800/18112 | Loss 0.5221 | Cls 0.3200 | LM 0.6735
15:36:47 | Ep 11 | Step 1000/18112 | Loss 0.7249 | Cls 0.6864 | LM 0.1284
15:39:12 | Ep 11 | Step 1200/18112 | Loss 0.5443 | Cls 0.3742 | LM 0.5669
15:41:37 | Ep 11 | Step 1400/18112 | Loss 0.8309 | Cls 0.6537 | LM 0.5906
15:44:02 | Ep 11 | Step 1600/18112 | Loss 0.4192 | Cls 0.2782 | LM 0.4700
15:46:27 | Ep 11 | Step 1800/18112 | Loss 0.9214 | Cls 0.7605 | LM 0.5360
15:48:52 | Ep 11 | Step 2000/18112 | Loss 0.6287 | Cls 0.4687 | LM 0.5334
15:51:17 | Ep 11 | Step 2200/18112 | Loss 0.6613 | Cls 0.4985 | LM 0.5427
15:53:42 | Ep 11 | Step 2400/18112 | Loss 0.7754 | Cls 0.6134 | LM 0.5398
15:56:07 | Ep 11 | Step 2600/18112 | Loss 0.4418 | Cls 0.2639 | LM 0.5929
15:58:32 | Ep 11 | Step 2800/18112 | Loss 0.6719 | Cls 0.5268 | LM 0.4839
16:00:56 | Ep 11 | Step 3000/18112 | Loss 0.5364 | Cls 0.3628 | LM 0.5786
16:03:21 | Ep 11 | Step 3200/18112 | Loss 0.5362 | Cls 0.4341 | LM 0.3405
16:05:46 | Ep 11 | Step 3400/18112 | Loss 0.8628 | Cls 0.6506 | LM 0.7073
16:08:11 | Ep 11 | Step 3600/18112 | Loss 0.6792 | Cls 0.5205 | LM 0.5289
16:10:36 | Ep 11 | Step 3800/18112 | Loss 0.6517 | Cls 0.4984 | LM 0.5110
16:13:01 | Ep 11 | Step 4000/18112 | Loss 0.7283 | Cls 0.5574 | LM 0.5694
16:15:26 | Ep 11 | Step 4200/18112 | Loss 0.6623 | Cls 0.5578 | LM 0.3485
16:17:51 | Ep 11 | Step 4400/18112 | Loss 0.6366 | Cls 0.4483 | LM 0.6277
16:20:16 | Ep 11 | Step 4600/18112 | Loss 0.5648 | Cls 0.4507 | LM 0.3802
16:22:41 | Ep 11 | Step 4800/18112 | Loss 0.6340 | Cls 0.4897 | LM 0.4809
16:25:06 | Ep 11 | Step 5000/18112 | Loss 0.7806 | Cls 0.6707 | LM 0.3666
16:27:31 | Ep 11 | Step 5200/18112 | Loss 0.5927 | Cls 0.4093 | LM 0.6113
16:29:56 | Ep 11 | Step 5400/18112 | Loss 0.4954 | Cls 0.3068 | LM 0.6285
16:32:21 | Ep 11 | Step 5600/18112 | Loss 0.6695 | Cls 0.5316 | LM 0.4595
16:34:46 | Ep 11 | Step 5800/18112 | Loss 0.4720 | Cls 0.3393 | LM 0.4422
16:37:11 | Ep 11 | Step 6000/18112 | Loss 0.8579 | Cls 0.7287 | LM 0.4307
16:39:36 | Ep 11 | Step 6200/18112 | Loss 0.4666 | Cls 0.3351 | LM 0.4383
16:42:01 | Ep 11 | Step 6400/18112 | Loss 0.9648 | Cls 0.7929 | LM 0.5728
16:44:26 | Ep 11 | Step 6600/18112 | Loss 0.4495 | Cls 0.3103 | LM 0.4642
16:46:51 | Ep 11 | Step 6800/18112 | Loss 0.5007 | Cls 0.3739 | LM 0.4226
16:49:16 | Ep 11 | Step 7000/18112 | Loss 0.5345 | Cls 0.3505 | LM 0.6134
16:51:41 | Ep 11 | Step 7200/18112 | Loss 0.3903 | Cls 0.2574 | LM 0.4429
16:54:06 | Ep 11 | Step 7400/18112 | Loss 0.6599 | Cls 0.5398 | LM 0.4003
16:56:31 | Ep 11 | Step 7600/18112 | Loss 0.4624 | Cls 0.3626 | LM 0.3326
16:58:55 | Ep 11 | Step 7800/18112 | Loss 0.3202 | Cls 0.3053 | LM 0.0496
17:01:20 | Ep 11 | Step 8000/18112 | Loss 0.5195 | Cls 0.4291 | LM 0.3012
17:03:45 | Ep 11 | Step 8200/18112 | Loss 0.5077 | Cls 0.3151 | LM 0.6423
17:06:10 | Ep 11 | Step 8400/18112 | Loss 0.4163 | Cls 0.2628 | LM 0.5115
17:08:35 | Ep 11 | Step 8600/18112 | Loss 0.7575 | Cls 0.6109 | LM 0.4887
17:11:00 | Ep 11 | Step 8800/18112 | Loss 0.6519 | Cls 0.5254 | LM 0.4216
17:13:25 | Ep 11 | Step 9000/18112 | Loss 0.4827 | Cls 0.2847 | LM 0.6601
17:15:50 | Ep 11 | Step 9200/18112 | Loss 0.6321 | Cls 0.5040 | LM 0.4269
17:18:15 | Ep 11 | Step 9400/18112 | Loss 0.7467 | Cls 0.6264 | LM 0.4007
17:20:40 | Ep 11 | Step 9600/18112 | Loss 0.3936 | Cls 0.3055 | LM 0.2938
17:23:05 | Ep 11 | Step 9800/18112 | Loss 0.6409 | Cls 0.5280 | LM 0.3763
17:25:30 | Ep 11 | Step 10000/18112 | Loss 0.5057 | Cls 0.3872 | LM 0.3952
17:27:55 | Ep 11 | Step 10200/18112 | Loss 0.5833 | Cls 0.4672 | LM 0.3872
17:30:20 | Ep 11 | Step 10400/18112 | Loss 0.6130 | Cls 0.4875 | LM 0.4184
17:32:45 | Ep 11 | Step 10600/18112 | Loss 0.6878 | Cls 0.4994 | LM 0.6278
17:35:10 | Ep 11 | Step 10800/18112 | Loss 0.5267 | Cls 0.4049 | LM 0.4060
17:37:35 | Ep 11 | Step 11000/18112 | Loss 0.7909 | Cls 0.6733 | LM 0.3919
17:40:00 | Ep 11 | Step 11200/18112 | Loss 0.4516 | Cls 0.3124 | LM 0.4641
17:42:24 | Ep 11 | Step 11400/18112 | Loss 0.6156 | Cls 0.4200 | LM 0.6521
17:44:49 | Ep 11 | Step 11600/18112 | Loss 0.6205 | Cls 0.4302 | LM 0.6343
17:47:14 | Ep 11 | Step 11800/18112 | Loss 0.8689 | Cls 0.6824 | LM 0.6217
17:49:39 | Ep 11 | Step 12000/18112 | Loss 0.5033 | Cls 0.2972 | LM 0.6869
17:52:04 | Ep 11 | Step 12200/18112 | Loss 0.3663 | Cls 0.3432 | LM 0.0770
14:04:36 | Device: cuda
14:04:36 | GPU   : NVIDIA RTX A5000
14:04:36 | VRAM  : 25.8 GB
14:04:36 | Loading data ...
14:06:24 | Building model ...
14:06:32 | Optimizer groups: LoRA=392 tensors, custom=20 tensors
14:06:36 | Resumed from epoch 10, best AUC=0.9429
14:06:36 | ======================================================================
14:06:36 |   batch_size=8  grad_accum=4  eff_batch=32
14:06:36 |   lm_seq_len=192  lm_loss_weight=0.3
14:06:36 |   epochs_cls=3  epochs_joint=10
14:06:36 |   lr=5e-05  lora_rank=64
14:06:36 |   steps/epoch=18112  total_steps=235456
14:06:36 |   logs → ./runs/intern_exp2\logs
14:06:36 | ======================================================================
14:06:36 |   Ep    Stage   TrLoss   TrAcc   VaLoss   VaAcc   VaAUC  Best
14:06:36 | ======================================================================
14:31:47 | Ep 11 | Step 0/18112 | Loss 0.3655 | Cls 0.3413 | LM 0.0806
14:34:10 | Ep 11 | Step 200/18112 | Loss 0.5182 | Cls 0.3809 | LM 0.4578
14:36:35 | Ep 11 | Step 400/18112 | Loss 0.6975 | Cls 0.5254 | LM 0.5736
14:39:00 | Ep 11 | Step 600/18112 | Loss 0.6210 | Cls 0.5668 | LM 0.1807
14:41:25 | Ep 11 | Step 800/18112 | Loss 0.7787 | Cls 0.5963 | LM 0.6082
14:43:50 | Ep 11 | Step 1000/18112 | Loss 0.5552 | Cls 0.4222 | LM 0.4432
14:46:15 | Ep 11 | Step 1200/18112 | Loss 0.7399 | Cls 0.5921 | LM 0.4929
14:48:41 | Ep 11 | Step 1400/18112 | Loss 0.5540 | Cls 0.4111 | LM 0.4761
14:51:06 | Ep 11 | Step 1600/18112 | Loss 0.6949 | Cls 0.5682 | LM 0.4224
14:53:31 | Ep 11 | Step 1800/18112 | Loss 0.4652 | Cls 0.3699 | LM 0.3174
14:55:56 | Ep 11 | Step 2000/18112 | Loss 0.4792 | Cls 0.3220 | LM 0.5240
14:58:21 | Ep 11 | Step 2200/18112 | Loss 0.3731 | Cls 0.2580 | LM 0.3835
15:00:46 | Ep 11 | Step 2400/18112 | Loss 0.7544 | Cls 0.6047 | LM 0.4991
15:03:11 | Ep 11 | Step 2600/18112 | Loss 0.4136 | Cls 0.2763 | LM 0.4576
15:05:36 | Ep 11 | Step 2800/18112 | Loss 0.6828 | Cls 0.5090 | LM 0.5795
15:08:01 | Ep 11 | Step 3000/18112 | Loss 0.4848 | Cls 0.3219 | LM 0.5431
15:10:26 | Ep 11 | Step 3200/18112 | Loss 0.4880 | Cls 0.3813 | LM 0.3557
15:12:51 | Ep 11 | Step 3400/18112 | Loss 0.5309 | Cls 0.4062 | LM 0.4156
15:15:16 | Ep 11 | Step 3600/18112 | Loss 0.6516 | Cls 0.4991 | LM 0.5084
15:17:41 | Ep 11 | Step 3800/18112 | Loss 0.4919 | Cls 0.3614 | LM 0.4350
15:20:06 | Ep 11 | Step 4000/18112 | Loss 0.4202 | Cls 0.4031 | LM 0.0569
15:22:31 | Ep 11 | Step 4200/18112 | Loss 0.5471 | Cls 0.3682 | LM 0.5965
15:24:56 | Ep 11 | Step 4400/18112 | Loss 0.4567 | Cls 0.3710 | LM 0.2856
15:27:21 | Ep 11 | Step 4600/18112 | Loss 0.4098 | Cls 0.3303 | LM 0.2650
15:29:46 | Ep 11 | Step 4800/18112 | Loss 0.5103 | Cls 0.4892 | LM 0.0705
15:32:11 | Ep 11 | Step 5000/18112 | Loss 0.4802 | Cls 0.3849 | LM 0.3177
15:34:36 | Ep 11 | Step 5200/18112 | Loss 0.4785 | Cls 0.2466 | LM 0.7729
15:37:01 | Ep 11 | Step 5400/18112 | Loss 0.4398 | Cls 0.3994 | LM 0.1347
15:39:26 | Ep 11 | Step 5600/18112 | Loss 0.5825 | Cls 0.4055 | LM 0.5899
15:41:51 | Ep 11 | Step 5800/18112 | Loss 0.5300 | Cls 0.4426 | LM 0.2911
15:44:16 | Ep 11 | Step 6000/18112 | Loss 0.7928 | Cls 0.6416 | LM 0.5042
15:46:41 | Ep 11 | Step 6200/18112 | Loss 0.4887 | Cls 0.4612 | LM 0.0915
15:49:05 | Ep 11 | Step 6400/18112 | Loss 0.5667 | Cls 0.4043 | LM 0.5412
15:51:30 | Ep 11 | Step 6600/18112 | Loss 0.6774 | Cls 0.5128 | LM 0.5487
15:53:55 | Ep 11 | Step 6800/18112 | Loss 0.8678 | Cls 0.7191 | LM 0.4958
15:56:20 | Ep 11 | Step 7000/18112 | Loss 0.4230 | Cls 0.2741 | LM 0.4962
15:58:45 | Ep 11 | Step 7200/18112 | Loss 0.3713 | Cls 0.3499 | LM 0.0714
16:01:10 | Ep 11 | Step 7400/18112 | Loss 0.4814 | Cls 0.3536 | LM 0.4259
16:03:35 | Ep 11 | Step 7600/18112 | Loss 0.4308 | Cls 0.3002 | LM 0.4352
16:06:00 | Ep 11 | Step 7800/18112 | Loss 0.3666 | Cls 0.3534 | LM 0.0442
16:08:25 | Ep 11 | Step 8000/18112 | Loss 0.5426 | Cls 0.4446 | LM 0.3269
16:10:50 | Ep 11 | Step 8200/18112 | Loss 0.7804 | Cls 0.6699 | LM 0.3683
16:13:15 | Ep 11 | Step 8400/18112 | Loss 0.5792 | Cls 0.4309 | LM 0.4943
16:15:40 | Ep 11 | Step 8600/18112 | Loss 0.6612 | Cls 0.5333 | LM 0.4264
16:18:05 | Ep 11 | Step 8800/18112 | Loss 0.5729 | Cls 0.4297 | LM 0.4772
16:20:30 | Ep 11 | Step 9000/18112 | Loss 0.5834 | Cls 0.4249 | LM 0.5282
16:22:55 | Ep 11 | Step 9200/18112 | Loss 0.5828 | Cls 0.3676 | LM 0.7174
16:25:20 | Ep 11 | Step 9400/18112 | Loss 0.9085 | Cls 0.7522 | LM 0.5212
16:27:45 | Ep 11 | Step 9600/18112 | Loss 0.3882 | Cls 0.2668 | LM 0.4049
16:30:10 | Ep 11 | Step 9800/18112 | Loss 0.5703 | Cls 0.4091 | LM 0.5374
16:32:35 | Ep 11 | Step 10000/18112 | Loss 0.5095 | Cls 0.3595 | LM 0.5000
16:35:00 | Ep 11 | Step 10200/18112 | Loss 0.6960 | Cls 0.5563 | LM 0.4658
16:37:25 | Ep 11 | Step 10400/18112 | Loss 0.8445 | Cls 0.7486 | LM 0.3196
16:39:50 | Ep 11 | Step 10600/18112 | Loss 0.9242 | Cls 0.8140 | LM 0.3671
16:42:15 | Ep 11 | Step 10800/18112 | Loss 0.5959 | Cls 0.4237 | LM 0.5739
16:44:40 | Ep 11 | Step 11000/18112 | Loss 0.7499 | Cls 0.6382 | LM 0.3721
16:47:05 | Ep 11 | Step 11200/18112 | Loss 0.4863 | Cls 0.3123 | LM 0.5799
16:49:30 | Ep 11 | Step 11400/18112 | Loss 0.6375 | Cls 0.4718 | LM 0.5523
16:51:55 | Ep 11 | Step 11600/18112 | Loss 0.8263 | Cls 0.6537 | LM 0.5753
16:54:20 | Ep 11 | Step 11800/18112 | Loss 0.4280 | Cls 0.4022 | LM 0.0860
16:56:45 | Ep 11 | Step 12000/18112 | Loss 0.7029 | Cls 0.5749 | LM 0.4267
16:59:10 | Ep 11 | Step 12200/18112 | Loss 0.8073 | Cls 0.6656 | LM 0.4721
17:01:35 | Ep 11 | Step 12400/18112 | Loss 0.5860 | Cls 0.4294 | LM 0.5217
17:04:00 | Ep 11 | Step 12600/18112 | Loss 0.5113 | Cls 0.4246 | LM 0.2892
17:06:25 | Ep 11 | Step 12800/18112 | Loss 0.5624 | Cls 0.3907 | LM 0.5725
17:08:50 | Ep 11 | Step 13000/18112 | Loss 0.5539 | Cls 0.3895 | LM 0.5482
17:11:15 | Ep 11 | Step 13200/18112 | Loss 0.5417 | Cls 0.4291 | LM 0.3754
17:13:40 | Ep 11 | Step 13400/18112 | Loss 0.5566 | Cls 0.3710 | LM 0.6187
17:16:05 | Ep 11 | Step 13600/18112 | Loss 0.4085 | Cls 0.3649 | LM 0.1453
17:18:30 | Ep 11 | Step 13800/18112 | Loss 0.4961 | Cls 0.3610 | LM 0.4504
17:20:55 | Ep 11 | Step 14000/18112 | Loss 0.5992 | Cls 0.4552 | LM 0.4803
17:23:20 | Ep 11 | Step 14200/18112 | Loss 0.5242 | Cls 0.4942 | LM 0.1000
17:25:45 | Ep 11 | Step 14400/18112 | Loss 0.7786 | Cls 0.6188 | LM 0.5324
17:28:10 | Ep 11 | Step 14600/18112 | Loss 0.6741 | Cls 0.4922 | LM 0.6065
17:30:35 | Ep 11 | Step 14800/18112 | Loss 0.6399 | Cls 0.4533 | LM 0.6219
17:33:00 | Ep 11 | Step 15000/18112 | Loss 0.7303 | Cls 0.6147 | LM 0.3852
17:35:25 | Ep 11 | Step 15200/18112 | Loss 0.5950 | Cls 0.4327 | LM 0.5413
17:37:50 | Ep 11 | Step 15400/18112 | Loss 0.5034 | Cls 0.3413 | LM 0.5406
17:40:15 | Ep 11 | Step 15600/18112 | Loss 0.6505 | Cls 0.4723 | LM 0.5937
17:42:40 | Ep 11 | Step 15800/18112 | Loss 0.5473 | Cls 0.4348 | LM 0.3750
17:45:05 | Ep 11 | Step 16000/18112 | Loss 0.4868 | Cls 0.3526 | LM 0.4474
17:47:30 | Ep 11 | Step 16200/18112 | Loss 0.6220 | Cls 0.5059 | LM 0.3871
17:49:55 | Ep 11 | Step 16400/18112 | Loss 0.4759 | Cls 0.4465 | LM 0.0979
17:52:20 | Ep 11 | Step 16600/18112 | Loss 0.4421 | Cls 0.3295 | LM 0.3754
17:54:45 | Ep 11 | Step 16800/18112 | Loss 0.3835 | Cls 0.2625 | LM 0.4036
17:57:10 | Ep 11 | Step 17000/18112 | Loss 0.8526 | Cls 0.6530 | LM 0.6654
17:59:35 | Ep 11 | Step 17200/18112 | Loss 0.5169 | Cls 0.3602 | LM 0.5224
18:02:00 | Ep 11 | Step 17400/18112 | Loss 0.6407 | Cls 0.5799 | LM 0.2027
18:04:25 | Ep 11 | Step 17600/18112 | Loss 0.7207 | Cls 0.5689 | LM 0.5061
18:06:50 | Ep 11 | Step 17800/18112 | Loss 0.4245 | Cls 0.3173 | LM 0.3574
18:09:15 | Ep 11 | Step 18000/18112 | Loss 0.7668 | Cls 0.6099 | LM 0.5230
18:18:01 |   11    joint   0.5816  0.8275   0.4848  0.8177  0.9462     *
18:18:08 |   Saved: ./runs/intern_exp2\checkpoints\ep011.pth
18:18:15 |   Saved: ./runs/intern_exp2\checkpoints\best.pth
